src_ip,dst_ip,rtt
103.43.90.19,192.168.182.221,0.002613
103.43.90.19,192.168.182.221,0.172596
103.43.90.19,192.168.182.221,0.001320
103.43.90.19,192.168.182.221,0.000157
103.43.90.19,192.168.182.221,0.012813
103.43.90.19,192.168.182.221,0.135172
103.43.90.19,192.168.182.221,0.002650
103.43.90.19,192.168.182.221,0.001685
103.43.90.19,192.168.182.221,0.002353
103.43.90.19,192.168.182.221,0.369676
103.43.90.19,192.168.182.221,9.662891
103.43.90.19,192.168.182.221,0.126538
104.18.36.155,192.168.182.221,0.275904
104.18.36.155,192.168.182.221,0.042029
104.18.36.155,192.168.182.221,0.007028
104.18.36.155,192.168.182.221,0.312971
104.18.36.155,192.168.182.221,0.165380
104.18.36.155,192.168.182.221,0.206644
104.18.36.155,192.168.182.221,0.815195
104.18.36.155,192.168.182.221,0.007055
104.18.36.155,192.168.182.221,0.002641
104.18.36.155,192.168.182.221,0.019082
104.18.36.155,192.168.182.221,0.002393
104.18.36.155,192.168.182.221,0.000608
104.18.36.155,192.168.182.221,0.168923
104.18.36.155,192.168.182.221,0.002201
104.18.36.155,192.168.182.221,0.067829
104.18.36.155,192.168.182.221,0.119864
104.18.36.155,192.168.182.221,0.084884
104.18.36.155,192.168.182.221,0.004332
104.18.36.155,192.168.182.221,0.319266
104.18.36.155,192.168.182.221,0.238602
104.18.36.155,192.168.182.221,0.005572
104.18.36.155,192.168.182.221,44.400300
106.75.109.179,192.168.182.221,0.269841
106.75.109.179,192.168.182.221,0.223176
106.75.109.179,192.168.182.221,0.000992
106.75.109.179,192.168.182.221,0.206162
106.75.109.179,192.168.182.221,0.001137
106.75.109.179,192.168.182.221,0.447355
106.75.109.179,192.168.182.221,9.495242
106.75.109.179,192.168.182.221,0.920705
106.75.109.179,192.168.182.221,0.00774
106.75.109.179,192.168.182.221,0.389356
106.75.109.179,192.168.182.221,9.041202
106.75.109.179,192.168.182.221,0.034662
106.75.109.179,192.168.182.221,12.389882
130.211.33.34,192.168.182.221,0.039852
130.211.33.34,192.168.182.221,0.160964
130.211.33.34,192.168.182.221,0.002870
130.211.33.34,192.168.182.221,0.000853
130.211.33.34,192.168.182.221,0.002026
130.211.33.34,192.168.182.221,0.006765
130.211.33.34,192.168.182.221,0.008503
130.211.33.34,192.168.182.221,0.000548
130.211.33.34,192.168.182.221,0.000326
130.211.33.34,192.168.182.221,0.008994
130.211.33.34,192.168.182.221,0.001729
130.211.33.34,192.168.182.221,0.010563
130.211.33.34,192.168.182.221,0.258676
130.211.33.34,192.168.182.221,0.000760
130.211.33.34,192.168.182.221,0.000768
130.211.33.34,192.168.182.221,0.001970
130.211.33.34,192.168.182.221,0.000146
130.211.33.34,192.168.182.221,0.043188
130.211.33.34,192.168.182.221,0.137210
138.113.182.113,192.168.182.221,0.121730
138.113.182.113,192.168.182.221,0.002017
138.113.182.113,192.168.182.221,0.106084
138.113.182.113,192.168.182.221,0.000883
138.113.182.113,192.168.182.221,0.143450
138.113.182.113,192.168.182.221,0.164556
138.113.182.113,192.168.182.221,0.139995
138.113.182.113,192.168.182.221,0.087332
138.113.182.113,192.168.182.221,0.118165
138.113.182.113,192.168.182.221,0.002967
138.113.182.113,192.168.182.221,0.003557
138.113.182.113,192.168.182.221,0.148830
138.113.182.113,192.168.182.221,0.019929
138.113.182.113,192.168.182.221,0.024672
138.113.182.113,192.168.182.221,0.010894
138.113.182.113,192.168.182.221,0.029567
138.113.182.113,192.168.182.221,0.017790
138.113.182.113,192.168.182.221,0.013436
138.113.182.113,192.168.182.221,0.047546
138.113.182.113,192.168.182.221,0.039509
138.113.182.113,192.168.182.221,0.121002
138.113.182.113,192.168.182.221,0.080669
138.113.182.113,192.168.182.221,0.000760
138.113.182.113,192.168.182.221,0.484624
138.113.182.113,192.168.182.221,0.000811
138.113.182.113,192.168.182.221,0.323674
138.113.182.113,192.168.182.221,0.169747
138.113.182.113,192.168.182.221,0.133056
138.113.182.113,192.168.182.221,0.411024
138.113.182.113,192.168.182.221,0.065659
138.113.182.113,192.168.182.221,0.202673
138.113.182.113,192.168.182.221,0.015244
138.113.182.113,192.168.182.221,0.406188
138.113.182.113,192.168.182.221,0.207656
138.113.182.113,192.168.182.221,0.048073
138.113.182.113,192.168.182.221,0.001954
138.113.182.113,192.168.182.221,9.448875
138.113.182.113,192.168.182.221,0.006155
138.113.182.113,192.168.182.221,0.010485
138.113.182.113,192.168.182.221,0.110758
138.113.182.113,192.168.182.221,0.050144
138.113.182.113,192.168.182.221,0.250364
138.113.182.113,192.168.182.221,0.044251
138.113.182.113,192.168.182.221,0.023503
138.113.182.113,192.168.182.221,0.222472
138.113.182.113,192.168.182.221,0.078180
138.113.182.113,192.168.182.221,0.010435
138.113.182.113,192.168.182.221,0.473222
138.113.182.113,192.168.182.221,0.104771
138.113.182.113,192.168.182.221,0.000707
138.113.182.113,192.168.182.221,0.219757
138.113.182.113,192.168.182.221,0.107730
138.113.182.113,192.168.182.221,0.010305
138.113.182.113,192.168.182.221,0.494287
138.113.182.113,192.168.182.221,0.477472
138.113.182.113,192.168.182.221,0.005428
138.113.182.113,192.168.182.221,0.010594
138.113.182.113,192.168.182.221,0.001245
138.113.182.113,192.168.182.221,0.33941
142.250.193.226,192.168.182.221,0.082316
142.250.193.226,192.168.182.221,0.007320
142.250.193.226,192.168.182.221,0.070338
142.250.193.226,192.168.182.221,0.000691
142.250.193.226,192.168.182.221,0.009205
142.250.193.226,192.168.182.221,0.000485
142.250.193.226,192.168.182.221,0.068314
142.250.193.226,192.168.182.221,0.000538
142.250.193.226,192.168.182.221,0.000388
142.250.193.226,192.168.182.221,0.013498
142.250.193.226,192.168.182.221,0.065905
142.250.193.226,192.168.182.221,0.082624
142.250.193.226,192.168.182.221,0.000490
142.250.193.226,192.168.182.221,0.038357
142.250.194.134,192.168.182.221,0.004503
142.250.194.134,192.168.182.221,0.052850
142.250.194.134,192.168.182.221,0.001554
142.250.194.134,192.168.182.221,0.000976
142.250.194.134,192.168.182.221,0.001164
142.250.194.134,192.168.182.221,0.168002
142.250.194.134,192.168.182.221,0.002448
142.250.194.134,192.168.182.221,0.001815
142.250.194.134,192.168.182.221,0.004853
142.250.194.134,192.168.182.221,0.023343
142.250.194.134,192.168.182.221,0.065841
142.250.194.134,192.168.182.221,0.015966
142.250.194.134,192.168.182.221,0.001056
142.250.194.134,192.168.182.221,0.100371
142.250.194.134,192.168.182.221,0.013920
142.250.194.134,192.168.182.221,0.010939
142.250.194.134,192.168.182.221,0.092759
142.250.194.134,192.168.182.221,0.002891
142.250.194.134,192.168.182.221,0.027552
142.250.194.134,192.168.182.221,0.002617
142.250.194.134,192.168.182.221,0.233751
142.250.194.134,192.168.182.221,0.025582
142.250.194.134,192.168.182.221,0.169508
142.250.194.134,192.168.182.221,0.028319
142.250.194.134,192.168.182.221,0.004548
142.250.194.134,192.168.182.221,0.072706
142.250.194.134,192.168.182.221,0.080292
142.250.194.134,192.168.182.221,0.000440
142.250.194.134,192.168.182.221,0.089783
142.250.194.134,192.168.182.221,0.004184
142.250.194.134,192.168.182.221,0.062694
142.250.194.134,192.168.182.221,0.109674
142.250.194.134,192.168.182.221,15.305712
142.250.194.134,192.168.182.221,0.007163
142.250.194.134,192.168.182.221,0.123875
142.250.194.134,192.168.182.221,0.002006
142.250.194.134,192.168.182.221,0.008526
142.250.194.134,192.168.182.221,0.041374
142.250.194.134,192.168.182.221,0.000619
142.250.194.134,192.168.182.221,0.014725
142.250.194.134,192.168.182.221,0.001765
142.250.194.134,192.168.182.221,0.001227
142.250.194.134,192.168.182.221,0.001072
142.250.194.134,192.168.182.221,0.009551
142.250.194.134,192.168.182.221,0.096439
142.250.194.134,192.168.182.221,0.002405
142.250.194.134,192.168.182.221,0.063129
142.250.194.134,192.168.182.221,0.025428
142.250.194.134,192.168.182.221,0.001924
142.250.194.134,192.168.182.221,0.000766
142.250.194.134,192.168.182.221,0.014225
142.250.194.134,192.168.182.221,0.024816
142.250.194.134,192.168.182.221,0.022273
142.250.194.134,192.168.182.221,1.802795
142.250.194.134,192.168.182.221,0.095637
142.250.194.134,192.168.182.221,0.117106
142.250.194.134,192.168.182.221,0.013046
142.250.194.134,192.168.182.221,0.108402
142.250.194.134,192.168.182.221,0.007516
142.250.194.134,192.168.182.221,0.037088
142.250.194.134,192.168.182.221,0.001919
142.250.194.134,192.168.182.221,0.074019
142.250.194.134,192.168.182.221,0.127668
142.250.194.134,192.168.182.221,0.000306
142.250.194.134,192.168.182.221,0.686574
142.250.194.134,192.168.182.221,0.000984
142.250.194.134,192.168.182.221,0.384426
142.250.194.134,192.168.182.221,0.000327
142.250.194.134,192.168.182.221,0.039747
142.250.194.134,192.168.182.221,0.014376
142.250.194.134,192.168.182.221,24.864361
142.250.194.134,192.168.182.221,0.919411
142.250.194.194,192.168.182.221,0.436652
142.250.194.194,192.168.182.221,0.038281
142.250.194.34,192.168.182.221,0.26874
142.250.194.34,192.168.182.221,0.00655
142.250.194.34,192.168.182.221,0.218965
142.250.194.34,192.168.182.221,0.001725
142.250.194.34,192.168.182.221,0.325988
142.250.194.34,192.168.182.221,0.012334
142.250.194.34,192.168.182.221,0.166325
142.250.194.34,192.168.182.221,0.235335
142.250.194.34,192.168.182.221,0.589341
142.250.194.34,192.168.182.221,0.044830
142.250.194.34,192.168.182.221,0.402486
142.250.194.34,192.168.182.221,0.029010
142.250.194.34,192.168.182.221,0.015050
142.250.194.34,192.168.182.221,0.309856
142.250.194.34,192.168.182.221,0.001569
142.250.194.34,192.168.182.221,0.001024
142.250.194.34,192.168.182.221,0.006233
142.250.194.34,192.168.182.221,0.017285
142.250.194.34,192.168.182.221,0.004630
142.250.194.34,192.168.182.221,0.001007
142.250.194.34,192.168.182.221,0.212012
142.250.194.34,192.168.182.221,0.472539
142.250.194.34,192.168.182.221,0.270851
142.250.194.34,192.168.182.221,0.011640
142.250.194.34,192.168.182.221,0.204031
142.250.194.34,192.168.182.221,0.000807
142.250.194.34,192.168.182.221,0.043574
142.250.194.34,192.168.182.221,0.001212
142.250.194.34,192.168.182.221,0.713024
142.250.194.34,192.168.182.221,0.012610
142.250.194.34,192.168.182.221,0.098376
142.250.194.34,192.168.182.221,0.439825
142.250.194.34,192.168.182.221,0.010546
142.250.194.34,192.168.182.221,0.00905
142.250.194.34,192.168.182.221,0.113561
142.250.194.34,192.168.182.221,0.039307
142.250.194.34,192.168.182.221,0.002950
142.250.194.34,192.168.182.221,0.039260
142.250.194.34,192.168.182.221,0.773694
142.250.194.34,192.168.182.221,2.195244
142.250.194.34,192.168.182.221,0.635362
142.250.194.34,192.168.182.221,0.068806
142.250.194.34,192.168.182.221,1.291685
142.250.194.34,192.168.182.221,0.023930
142.250.194.34,192.168.182.221,0.003537
142.250.194.34,192.168.182.221,0.169048
142.250.194.34,192.168.182.221,0.001717
142.250.194.34,192.168.182.221,0.003742
142.250.194.34,192.168.182.221,0.105244
142.250.194.34,192.168.182.221,0.091646
142.250.194.34,192.168.182.221,0.000558
142.250.194.34,192.168.182.221,0.097656
142.250.194.34,192.168.182.221,38.067487
142.250.207.226,192.168.182.221,0.000667
142.250.207.226,192.168.182.221,0.066724
142.250.207.226,192.168.182.221,0.002467
142.250.207.226,192.168.182.221,0.145152
142.250.207.226,192.168.182.221,0.018389
142.250.207.226,192.168.182.221,0.021215
142.250.207.226,192.168.182.221,0.014876
142.250.207.226,192.168.182.221,0.084060
142.250.207.226,192.168.182.221,0.003677
142.250.207.226,192.168.182.221,0.089404
142.250.207.226,192.168.182.221,0.003537
142.250.207.226,192.168.182.221,0.008603
142.250.207.226,192.168.182.221,0.016291
142.250.207.226,192.168.182.221,0.000774
142.250.207.226,192.168.182.221,0.018424
142.250.207.226,192.168.182.221,0.000573
142.250.207.226,192.168.182.221,0.004299
142.250.207.226,192.168.182.221,0.001440
142.250.207.226,192.168.182.221,0.077848
142.250.207.226,192.168.182.221,0.001882
142.250.207.226,192.168.182.221,0.022890
142.250.207.226,192.168.182.221,0.071176
142.250.207.226,192.168.182.221,0.001279
142.250.207.226,192.168.182.221,0.093388
142.250.207.226,192.168.182.221,0.006729
142.250.207.226,192.168.182.221,0.002179
142.250.207.226,192.168.182.221,0.000530
142.250.207.226,192.168.182.221,0.048474
142.250.207.226,192.168.182.221,0.031164
142.250.207.226,192.168.182.221,0.006858
142.250.207.226,192.168.182.221,0.002003
142.250.207.226,192.168.182.221,0.137185
142.250.207.226,192.168.182.221,4.905754
142.250.207.226,192.168.182.221,0.001178
142.250.207.226,192.168.182.221,0.000651
142.250.207.226,192.168.182.221,0.006023
142.250.207.226,192.168.182.221,0.002146
142.250.207.226,192.168.182.221,0.003111
142.250.207.226,192.168.182.221,0.002087
142.250.207.226,192.168.182.221,0.044786
142.250.207.226,192.168.182.221,0.061573
142.250.207.226,192.168.182.221,0.001203
142.250.207.226,192.168.182.221,0.005884
142.250.207.226,192.168.182.221,0.003566
142.250.207.226,192.168.182.221,0.010034
142.250.207.226,192.168.182.221,0.050471
142.250.207.226,192.168.182.221,0.004716
142.250.207.226,192.168.182.221,0.000243
142.250.207.226,192.168.182.221,0.002878
142.250.207.226,192.168.182.221,0.001390
142.250.207.226,192.168.182.221,0.003879
142.250.207.226,192.168.182.221,0.002746
142.250.207.226,192.168.182.221,0.006156
142.250.207.226,192.168.182.221,0.017928
142.250.207.226,192.168.182.221,0.032552
142.250.207.226,192.168.182.221,0.001150
142.250.207.226,192.168.182.221,0.000403
142.250.207.226,192.168.182.221,0.107981
142.250.207.226,192.168.182.221,0.015724
142.250.207.226,192.168.182.221,0.019997
142.250.207.226,192.168.182.221,0.025523
142.250.207.226,192.168.182.221,0.100757
142.250.207.226,192.168.182.221,0.001470
142.250.207.226,192.168.182.221,0.028065
142.250.207.226,192.168.182.221,0.001803
142.250.207.226,192.168.182.221,0.009268
142.250.207.226,192.168.182.221,0.000719
142.250.207.226,192.168.182.221,0.000371
142.250.207.226,192.168.182.221,0.000457
142.250.207.226,192.168.182.221,0.001707
142.250.207.226,192.168.182.221,0.000159
142.250.207.226,192.168.182.221,0.000978
142.250.207.226,192.168.182.221,0.001441
142.250.207.226,192.168.182.221,0.001643
142.250.207.226,192.168.182.221,0.045154
142.250.207.226,192.168.182.221,0.002068
142.250.207.226,192.168.182.221,0.001869
142.250.207.226,192.168.182.221,0.025231
142.250.207.226,192.168.182.221,0.002825
142.250.207.226,192.168.182.221,0.000764
142.250.207.226,192.168.182.221,0.000767
142.250.207.226,192.168.182.221,0.001799
142.250.207.226,192.168.182.221,0.000683
142.250.207.226,192.168.182.221,0.038793
142.250.207.226,192.168.182.221,0.068236
142.250.207.226,192.168.182.221,5.341770
142.250.207.226,192.168.182.221,0.001623
142.250.207.226,192.168.182.221,0.143306
142.250.207.226,192.168.182.221,0.008461
142.250.207.226,192.168.182.221,0.159917
142.250.207.226,192.168.182.221,0.052147
142.250.207.226,192.168.182.221,0.022776
142.250.207.226,192.168.182.221,0.000865
142.250.207.226,192.168.182.221,0.022793
142.250.207.226,192.168.182.221,0.001195
142.250.207.226,192.168.182.221,0.104713
142.250.207.226,192.168.182.221,0.001338
142.250.207.226,192.168.182.221,0.059571
142.250.207.226,192.168.182.221,0.002322
142.250.207.226,192.168.182.221,0.001569
142.250.207.226,192.168.182.221,0.001638
142.250.207.226,192.168.182.221,0.000427
142.250.207.226,192.168.182.221,0.007457
142.250.207.226,192.168.182.221,0.000324
142.250.207.226,192.168.182.221,0.001548
142.250.207.226,192.168.182.221,0.002900
142.250.207.226,192.168.182.221,0.001024
142.250.207.226,192.168.182.221,0.058004
142.250.207.226,192.168.182.221,0.011206
142.250.207.226,192.168.182.221,2.591881
142.250.207.226,192.168.182.221,0.117294
142.250.207.226,192.168.182.221,0.000355
142.250.207.226,192.168.182.221,0.009164
142.250.207.226,192.168.182.221,0.047472
142.250.207.226,192.168.182.221,0.001838
142.250.207.226,192.168.182.221,0.001886
142.250.207.226,192.168.182.221,0.000739
142.250.207.226,192.168.182.221,0.000635
142.250.207.226,192.168.182.221,0.017688
142.250.207.226,192.168.182.221,0.000817
142.250.207.226,192.168.182.221,0.042107
142.250.207.226,192.168.182.221,0.006771
142.250.207.226,192.168.182.221,0.026203
142.250.207.226,192.168.182.221,0.005510
142.250.207.226,192.168.182.221,0.003866
142.250.207.226,192.168.182.221,0.008650
142.250.207.226,192.168.182.221,0.000364
142.250.207.226,192.168.182.221,0.001507
142.250.207.226,192.168.182.221,0.001750
142.250.207.226,192.168.182.221,0.024433
142.250.207.226,192.168.182.221,0.038406
142.250.207.226,192.168.182.221,0.012947
142.250.207.226,192.168.182.221,0.00074
142.250.207.226,192.168.182.221,0.003748
142.250.207.226,192.168.182.221,0.000922
142.250.207.226,192.168.182.221,0.017582
142.250.207.226,192.168.182.221,0.003932
142.250.207.226,192.168.182.221,0.000602
142.250.207.226,192.168.182.221,0.047419
142.250.207.226,192.168.182.221,0.000558
142.250.207.226,192.168.182.221,0.000365
142.250.207.226,192.168.182.221,0.014417
142.250.207.226,192.168.182.221,0.022853
142.250.207.226,192.168.182.221,0.017465
142.250.207.226,192.168.182.221,0.056428
142.250.207.226,192.168.182.221,0.001859
142.250.207.226,192.168.182.221,0.00083
142.250.207.226,192.168.182.221,0.061062
142.250.207.226,192.168.182.221,29.738023
142.250.207.226,192.168.182.221,0.445915
142.250.207.226,192.168.182.221,5.139865
142.250.207.226,192.168.182.221,0.000234
142.250.70.98,192.168.182.221,0.150599
142.250.70.98,192.168.182.221,0.008725
142.250.70.98,192.168.182.221,0.031573
142.250.70.98,192.168.182.221,0.001697
142.250.70.98,192.168.182.221,0.169234
142.250.70.98,192.168.182.221,0.009268
142.250.70.98,192.168.182.221,0.021561
142.250.70.98,192.168.182.221,0.015288
142.250.70.98,192.168.182.221,0.073782
142.250.70.98,192.168.182.221,0.041394
142.250.70.98,192.168.182.221,45.092335
172.217.131.167,192.168.182.221,0.324287
172.217.166.163,192.168.182.221,0.314644
18.66.112.50,192.168.182.221,0.229008
182.161.73.146,192.168.182.221,0.134700
182.161.73.146,192.168.182.221,0.007969
182.161.73.146,192.168.182.221,0.150186
182.161.73.146,192.168.182.221,0.008651
182.161.73.146,192.168.182.221,0.000810
182.161.73.146,192.168.182.221,0.346493
182.161.73.146,192.168.182.221,9.706993
182.161.73.146,192.168.182.221,0.001633
182.161.73.146,192.168.182.221,0.144977
185.184.8.90,192.168.182.221,0.345965
185.184.8.90,192.168.182.221,0.136968
185.184.8.90,192.168.182.221,0.019250
185.184.8.90,192.168.182.221,0.005933
185.184.8.90,192.168.182.221,0.004089
185.184.8.90,192.168.182.221,0.154056
185.184.8.90,192.168.182.221,0.003908
185.184.8.90,192.168.182.221,0.003004
185.184.8.90,192.168.182.221,0.002359
185.184.8.90,192.168.182.221,0.317440
185.184.8.90,192.168.182.221,0.004308
185.184.8.90,192.168.182.221,0.000923
185.184.8.90,192.168.182.221,0.052837
185.184.8.90,192.168.182.221,0.175276
185.84.60.23,192.168.182.221,0.273630
185.84.60.23,192.168.182.221,0.005028
185.84.60.23,192.168.182.221,0.004232
185.84.60.23,192.168.182.221,0.000549
185.84.60.23,192.168.182.221,0.017888
185.84.60.23,192.168.182.221,1.845373
185.84.60.23,192.168.182.221,0.691543
185.84.60.23,192.168.182.221,0.598850
185.84.60.23,192.168.182.221,0.688015
192.168.182.221,103.43.90.19,0.004313
192.168.182.221,103.43.90.19,0.221208
192.168.182.221,103.43.90.19,0.001100
192.168.182.221,103.43.90.19,0.001498
192.168.182.221,103.43.90.19,0.001549
192.168.182.221,103.43.90.19,0.171676
192.168.182.221,103.43.90.19,0.000432
192.168.182.221,103.43.90.19,0.003023
192.168.182.221,103.43.90.19,0.001050
192.168.182.221,103.43.90.19,0.000868
192.168.182.221,103.43.90.19,0.000425
192.168.182.221,103.43.90.19,0.000431
192.168.182.221,103.43.90.19,0.000230
192.168.182.221,103.43.90.19,0.008146
192.168.182.221,103.43.90.19,0.134592
192.168.182.221,103.43.90.19,0.000280
192.168.182.221,103.43.90.19,0.001906
192.168.182.221,103.43.90.19,0.001779
192.168.182.221,103.43.90.19,0.002542
192.168.182.221,103.43.90.19,0.000106
192.168.182.221,103.43.90.19,0.000058
192.168.182.221,103.43.90.19,10.032251
192.168.182.221,103.43.90.19,0.000776
192.168.182.221,104.18.36.155,0.198904
192.168.182.221,104.18.36.155,0.000947
192.168.182.221,104.18.36.155,0.323906
192.168.182.221,104.18.36.155,0.012896
192.168.182.221,104.18.36.155,0.001062
192.168.182.221,104.18.36.155,0.000799
192.168.182.221,104.18.36.155,0.300285
192.168.182.221,104.18.36.155,0.209676
192.168.182.221,104.18.36.155,0.156482
192.168.182.221,104.18.36.155,0.000292
192.168.182.221,104.18.36.155,0.000967
192.168.182.221,104.18.36.155,0.306896
192.168.182.221,104.18.36.155,0.282423
192.168.182.221,104.18.36.155,0.238524
192.168.182.221,104.18.36.155,0.021884
192.168.182.221,104.18.36.155,0.004234
192.168.182.221,104.18.36.155,0.000268
192.168.182.221,104.18.36.155,0.165612
192.168.182.221,104.18.36.155,0.000530
192.168.182.221,104.18.36.155,0.272560
192.168.182.221,104.18.36.155,0.005881
192.168.182.221,104.18.36.155,0.000130
192.168.182.221,104.18.36.155,0.563335
192.168.182.221,104.18.36.155,44.361718
192.168.182.221,104.22.27.181,0.212539
192.168.182.221,106.75.109.179,0.254055
192.168.182.221,106.75.109.179,0.068540
192.168.182.221,106.75.109.179,0.000910
192.168.182.221,106.75.109.179,0.268611
192.168.182.221,106.75.109.179,0.000751
192.168.182.221,106.75.109.179,0.223484
192.168.182.221,106.75.109.179,0.000145
192.168.182.221,106.75.109.179,0.206862
192.168.182.221,106.75.109.179,0.447513
192.168.182.221,106.75.109.179,9.500869
192.168.182.221,106.75.109.179,0.001137
192.168.182.221,106.75.109.179,0.725335
192.168.182.221,106.75.109.179,0.585973
192.168.182.221,106.75.109.179,8.713192
192.168.182.221,106.75.109.179,0.327891
192.168.182.221,106.75.109.179,0.034512
192.168.182.221,106.75.109.179,8.973563
192.168.182.221,106.75.109.179,1.063483
192.168.182.221,106.75.109.179,2.000036
192.168.182.221,130.211.33.34,0.261735
192.168.182.221,130.211.33.34,0.567409
192.168.182.221,130.211.33.34,0.000043
192.168.182.221,130.211.33.34,0.001204
192.168.182.221,130.211.33.34,0.000089
192.168.182.221,130.211.33.34,0.037789
192.168.182.221,130.211.33.34,0.164566
192.168.182.221,130.211.33.34,0.008778
192.168.182.221,130.211.33.34,0.008563
192.168.182.221,130.211.33.34,0.001264
192.168.182.221,130.211.33.34,0.000185
192.168.182.221,130.211.33.34,0.000199
192.168.182.221,130.211.33.34,0.008384
192.168.182.221,130.211.33.34,0.012004
192.168.182.221,130.211.33.34,0.000394
192.168.182.221,130.211.33.34,0.258461
192.168.182.221,130.211.33.34,0.001130
192.168.182.221,130.211.33.34,0.002016
192.168.182.221,130.211.33.34,0.000140
192.168.182.221,130.211.33.34,0.000139
192.168.182.221,130.211.33.34,0.09154
192.168.182.221,138.113.182.113,0.060267
192.168.182.221,138.113.182.113,0.001497
192.168.182.221,138.113.182.113,0.120916
192.168.182.221,138.113.182.113,0.000627
192.168.182.221,138.113.182.113,0.002972
192.168.182.221,138.113.182.113,0.000883
192.168.182.221,138.113.182.113,0.000567
192.168.182.221,138.113.182.113,0.103610
192.168.182.221,138.113.182.113,0.001342
192.168.182.221,138.113.182.113,0.311465
192.168.182.221,138.113.182.113,0.045438
192.168.182.221,138.113.182.113,0.089210
192.168.182.221,138.113.182.113,0.088286
192.168.182.221,138.113.182.113,0.000775
192.168.182.221,138.113.182.113,0.089221
192.168.182.221,138.113.182.113,0.030335
192.168.182.221,138.113.182.113,0.001112
192.168.182.221,138.113.182.113,0.000659
192.168.182.221,138.113.182.113,0.000694
192.168.182.221,138.113.182.113,0.000267
192.168.182.221,138.113.182.113,0.000093
192.168.182.221,138.113.182.113,0.000105
192.168.182.221,138.113.182.113,0.000144
192.168.182.221,138.113.182.113,0.000134
192.168.182.221,138.113.182.113,0.000137
192.168.182.221,138.113.182.113,0.000158
192.168.182.221,138.113.182.113,0.000166
192.168.182.221,138.113.182.113,0.148224
192.168.182.221,138.113.182.113,0.020342
192.168.182.221,138.113.182.113,0.024707
192.168.182.221,138.113.182.113,0.005119
192.168.182.221,138.113.182.113,0.005414
192.168.182.221,138.113.182.113,0.310334
192.168.182.221,138.113.182.113,0.039684
192.168.182.221,138.113.182.113,0.334624
192.168.182.221,138.113.182.113,0.000451
192.168.182.221,138.113.182.113,0.003152
192.168.182.221,138.113.182.113,0.000395
192.168.182.221,138.113.182.113,0.520486
192.168.182.221,138.113.182.113,0.120073
192.168.182.221,138.113.182.113,0.133152
192.168.182.221,138.113.182.113,0.303592
192.168.182.221,138.113.182.113,0.000450
192.168.182.221,138.113.182.113,0.152696
192.168.182.221,138.113.182.113,0.019645
192.168.182.221,138.113.182.113,0.668947
192.168.182.221,138.113.182.113,0.162937
192.168.182.221,138.113.182.113,0.047970
192.168.182.221,138.113.182.113,0.001953
192.168.182.221,138.113.182.113,9.263834
192.168.182.221,138.113.182.113,0.000660
192.168.182.221,138.113.182.113,0.190933
192.168.182.221,138.113.182.113,0.010462
192.168.182.221,138.113.182.113,0.158791
192.168.182.221,138.113.182.113,0.055998
192.168.182.221,138.113.182.113,0.106969
192.168.182.221,138.113.182.113,0.000327
192.168.182.221,138.113.182.113,0.072352
192.168.182.221,138.113.182.113,0.001042
192.168.182.221,138.113.182.113,0.307069
192.168.182.221,138.113.182.113,0.000307
192.168.182.221,138.113.182.113,0.561940
192.168.182.221,138.113.182.113,0.000608
192.168.182.221,138.113.182.113,0.323176
192.168.182.221,138.113.182.113,0.030736
192.168.182.221,138.113.182.113,0.000341
192.168.182.221,138.113.182.113,0.623041
192.168.182.221,138.113.182.113,0.342923
192.168.182.221,138.113.182.113,0.000706
192.168.182.221,138.113.182.113,0.000383
192.168.182.221,138.113.182.113,0.139009
192.168.182.221,138.113.182.113,0.352799
192.168.182.221,142.250.192.230,0.070057
192.168.182.221,142.250.193.226,0.057632
192.168.182.221,142.250.193.226,0.001001
192.168.182.221,142.250.193.226,0.158858
192.168.182.221,142.250.193.226,0.009672
192.168.182.221,142.250.193.226,0.001518
192.168.182.221,142.250.193.226,0.000326
192.168.182.221,142.250.193.226,0.000227
192.168.182.221,142.250.193.226,0.067223
192.168.182.221,142.250.193.226,0.000155
192.168.182.221,142.250.193.226,0.162499
192.168.182.221,142.250.193.226,0.000449
192.168.182.221,142.250.194.134,0.00007
192.168.182.221,142.250.194.134,0.269943
192.168.182.221,142.250.194.134,0.004133
192.168.182.221,142.250.194.134,0.030175
192.168.182.221,142.250.194.134,0.003978
192.168.182.221,142.250.194.134,0.018359
192.168.182.221,142.250.194.134,0.001389
192.168.182.221,142.250.194.134,0.001058
192.168.182.221,142.250.194.134,0.000155
192.168.182.221,142.250.194.134,0.000377
192.168.182.221,142.250.194.134,0.000042
192.168.182.221,142.250.194.134,0.168578
192.168.182.221,142.250.194.134,0.000384
192.168.182.221,142.250.194.134,0.000075
192.168.182.221,142.250.194.134,0.000374
192.168.182.221,142.250.194.134,0.000354
192.168.182.221,142.250.194.134,0.002561
192.168.182.221,142.250.194.134,0.002639
192.168.182.221,142.250.194.134,0.024823
192.168.182.221,142.250.194.134,0.001305
192.168.182.221,142.250.194.134,0.182323
192.168.182.221,142.250.194.134,0.000106
192.168.182.221,142.250.194.134,0.014093
192.168.182.221,142.250.194.134,0.000781
192.168.182.221,142.250.194.134,0.009800
192.168.182.221,142.250.194.134,0.029474
192.168.182.221,142.250.194.134,0.009200
192.168.182.221,142.250.194.134,0.085685
192.168.182.221,142.250.194.134,0.001032
192.168.182.221,142.250.194.134,0.013652
192.168.182.221,142.250.194.134,0.160956
192.168.182.221,142.250.194.134,0.283150
192.168.182.221,142.250.194.134,0.000688
192.168.182.221,142.250.194.134,0.000555
192.168.182.221,142.250.194.134,0.000369
192.168.182.221,142.250.194.134,0.000165
192.168.182.221,142.250.194.134,0.075035
192.168.182.221,142.250.194.134,0.080691
192.168.182.221,142.250.194.134,0.000234
192.168.182.221,142.250.194.134,0.093884
192.168.182.221,142.250.194.134,0.001324
192.168.182.221,142.250.194.134,15.370664
192.168.182.221,142.250.194.134,0.026594
192.168.182.221,142.250.194.134,0.080291
192.168.182.221,142.250.194.134,0.002344
192.168.182.221,142.250.194.134,0.005129
192.168.182.221,142.250.194.134,0.006931
192.168.182.221,142.250.194.134,0.168208
192.168.182.221,142.250.194.134,0.016545
192.168.182.221,142.250.194.134,0.000250
192.168.182.221,142.250.194.134,0.000234
192.168.182.221,142.250.194.134,0.000121
192.168.182.221,142.250.194.134,0.000294
192.168.182.221,142.250.194.134,0.000169
192.168.182.221,142.250.194.134,0.000577
192.168.182.221,142.250.194.134,0.000108
192.168.182.221,142.250.194.134,0.000396
192.168.182.221,142.250.194.134,0.009903
192.168.182.221,142.250.194.134,0.099700
192.168.182.221,142.250.194.134,0.001215
192.168.182.221,142.250.194.134,0.088489
192.168.182.221,142.250.194.134,0.000900
192.168.182.221,142.250.194.134,0.038783
192.168.182.221,142.250.194.134,0.995503
192.168.182.221,142.250.194.134,0.000516
192.168.182.221,142.250.194.134,0.303480
192.168.182.221,142.250.194.134,0.127227
192.168.182.221,142.250.194.134,0.182974
192.168.182.221,142.250.194.134,0.215270
192.168.182.221,142.250.194.134,0.095230
192.168.182.221,142.250.194.134,0.000492
192.168.182.221,142.250.194.134,0.000056
192.168.182.221,142.250.194.134,0.001771
192.168.182.221,142.250.194.134,0.115377
192.168.182.221,142.250.194.134,0.121312
192.168.182.221,142.250.194.134,0.120430
192.168.182.221,142.250.194.134,0.128063
192.168.182.221,142.250.194.134,0.003032
192.168.182.221,142.250.194.134,0.315510
192.168.182.221,142.250.194.134,0.315205
192.168.182.221,142.250.194.134,0.080024
192.168.182.221,142.250.194.134,0.389086
192.168.182.221,142.250.194.134,0.035476
192.168.182.221,142.250.194.134,24.802570
192.168.182.221,142.250.194.134,0.907305
192.168.182.221,142.250.194.194,0.258736
192.168.182.221,142.250.194.194,0.401827
192.168.182.221,142.250.194.194,0.436564
192.168.182.221,142.250.194.194,0.038410
192.168.182.221,142.250.194.34,0.20126
192.168.182.221,142.250.194.34,0.001008
192.168.182.221,142.250.194.34,0.494179
192.168.182.221,142.250.194.34,0.002107
192.168.182.221,142.250.194.34,0.001085
192.168.182.221,142.250.194.34,0.000261
192.168.182.221,142.250.194.34,0.31114
192.168.182.221,142.250.194.34,0.023771
192.168.182.221,142.250.194.34,0.000982
192.168.182.221,142.250.194.34,0.165286
192.168.182.221,142.250.194.34,0.000738
192.168.182.221,142.250.194.34,0.812348
192.168.182.221,142.250.194.34,0.056370
192.168.182.221,142.250.194.34,0.000375
192.168.182.221,142.250.194.34,0.164327
192.168.182.221,142.250.194.34,0.000074
192.168.182.221,142.250.194.34,0.000313
192.168.182.221,142.250.194.34,0.237428
192.168.182.221,142.250.194.34,0.061862
192.168.182.221,142.250.194.34,0.294729
192.168.182.221,142.250.194.34,0.026343
192.168.182.221,142.250.194.34,0.002711
192.168.182.221,142.250.194.34,0.000359
192.168.182.221,142.250.194.34,0.000254
192.168.182.221,142.250.194.34,0.212403
192.168.182.221,142.250.194.34,0.471475
192.168.182.221,142.250.194.34,0.273508
192.168.182.221,142.250.194.34,0.002433
192.168.182.221,142.250.194.34,0.210645
192.168.182.221,142.250.194.34,0.049237
192.168.182.221,142.250.194.34,0.523652
192.168.182.221,142.250.194.34,0.198840
192.168.182.221,142.250.194.34,0.028218
192.168.182.221,142.250.194.34,0.292625
192.168.182.221,142.250.194.34,0.076239
192.168.182.221,142.250.194.34,0.151707
192.168.182.221,142.250.194.34,0.037404
192.168.182.221,142.250.194.34,0.119920
192.168.182.221,142.250.194.34,0.004339
192.168.182.221,142.250.194.34,0.030020
192.168.182.221,142.250.194.34,2.386497
192.168.182.221,142.250.194.34,0.595049
192.168.182.221,142.250.194.34,0.034778
192.168.182.221,142.250.194.34,0.601814
192.168.182.221,142.250.194.34,0.969160
192.168.182.221,142.250.194.34,0.415056
192.168.182.221,142.250.194.34,0.005666
192.168.182.221,142.250.194.34,0.049930
192.168.182.221,142.250.194.34,0.120849
192.168.182.221,142.250.194.34,0.196953
192.168.182.221,142.250.194.34,0.028144
192.168.182.221,142.250.194.34,38.097999
192.168.182.221,142.250.207.206,0.051389
192.168.182.221,142.250.207.226,0.000156
192.168.182.221,142.250.207.226,0.230458
192.168.182.221,142.250.207.226,0.068984
192.168.182.221,142.250.207.226,0.000455
192.168.182.221,142.250.207.226,0.002813
192.168.182.221,142.250.207.226,0.000405
192.168.182.221,142.250.207.226,0.000161
192.168.182.221,142.250.207.226,0.000297
192.168.182.221,142.250.207.226,0.000061
192.168.182.221,142.250.207.226,0.000068
192.168.182.221,142.250.207.226,0.000044
192.168.182.221,142.250.207.226,0.141852
192.168.182.221,142.250.207.226,0.000403
192.168.182.221,142.250.207.226,0.000512
192.168.182.221,142.250.207.226,0.000510
192.168.182.221,142.250.207.226,0.003327
192.168.182.221,142.250.207.226,0.077825
192.168.182.221,142.250.207.226,0.054844
192.168.182.221,142.250.207.226,0.034099
192.168.182.221,142.250.207.226,0.009821
192.168.182.221,142.250.207.226,0.078471
192.168.182.221,142.250.207.226,0.000792
192.168.182.221,142.250.207.226,0.007301
192.168.182.221,142.250.207.226,0.010790
192.168.182.221,142.250.207.226,0.005630
192.168.182.221,142.250.207.226,0.001449
192.168.182.221,142.250.207.226,0.131606
192.168.182.221,142.250.207.226,0.044159
192.168.182.221,142.250.207.226,0.000632
192.168.182.221,142.250.207.226,0.000605
192.168.182.221,142.250.207.226,0.000570
192.168.182.221,142.250.207.226,0.000437
192.168.182.221,142.250.207.226,0.096646
192.168.182.221,142.250.207.226,0.001214
192.168.182.221,142.250.207.226,0.051433
192.168.182.221,142.250.207.226,0.036786
192.168.182.221,142.250.207.226,0.002341
192.168.182.221,142.250.207.226,4.221551
192.168.182.221,142.250.207.226,0.000474
192.168.182.221,142.250.207.226,0.307917
192.168.182.221,142.250.207.226,0.010005
192.168.182.221,142.250.207.226,0.255095
192.168.182.221,142.250.207.226,0.247859
192.168.182.221,142.250.207.226,0.000148
192.168.182.221,142.250.207.226,0.000484
192.168.182.221,142.250.207.226,0.000507
192.168.182.221,142.250.207.226,0.007129
192.168.182.221,142.250.207.226,0.000826
192.168.182.221,142.250.207.226,0.002782
192.168.182.221,142.250.207.226,0.001403
192.168.182.221,142.250.207.226,0.046657
192.168.182.221,142.250.207.226,0.002412
192.168.182.221,142.250.207.226,0.059238
192.168.182.221,142.250.207.226,0.000534
192.168.182.221,142.250.207.226,0.000149
192.168.182.221,142.250.207.226,0.002406
192.168.182.221,142.250.207.226,0.066283
192.168.182.221,142.250.207.226,0.004691
192.168.182.221,142.250.207.226,0.000874
192.168.182.221,142.250.207.226,0.000502
192.168.182.221,142.250.207.226,0.007021
192.168.182.221,142.250.207.226,0.004101
192.168.182.221,142.250.207.226,0.004892
192.168.182.221,142.250.207.226,0.000706
192.168.182.221,142.250.207.226,0.077356
192.168.182.221,142.250.207.226,0.014450
192.168.182.221,142.250.207.226,0.000038
192.168.182.221,142.250.207.226,0.068469
192.168.182.221,142.250.207.226,0.016452
192.168.182.221,142.250.207.226,0.000370
192.168.182.221,142.250.207.226,0.000194
192.168.182.221,142.250.207.226,0.000136
192.168.182.221,142.250.207.226,0.000123
192.168.182.221,142.250.207.226,0.044944
192.168.182.221,142.250.207.226,0.099688
192.168.182.221,142.250.207.226,0.001078
192.168.182.221,142.250.207.226,0.000187
192.168.182.221,142.250.207.226,0.032264
192.168.182.221,142.250.207.226,0.001439
192.168.182.221,142.250.207.226,0.000209
192.168.182.221,142.250.207.226,0.000154
192.168.182.221,142.250.207.226,0.012271
192.168.182.221,142.250.207.226,0.000117
192.168.182.221,142.250.207.226,0.000089
192.168.182.221,142.250.207.226,0.00009
192.168.182.221,142.250.207.226,0.000085
192.168.182.221,142.250.207.226,0.047547
192.168.182.221,142.250.207.226,0.001505
192.168.182.221,142.250.207.226,0.025477
192.168.182.221,142.250.207.226,0.002063
192.168.182.221,142.250.207.226,0.000142
192.168.182.221,142.250.207.226,0.001157
192.168.182.221,142.250.207.226,0.003854
192.168.182.221,142.250.207.226,0.086037
192.168.182.221,142.250.207.226,5.259293
192.168.182.221,142.250.207.226,0.019479
192.168.182.221,142.250.207.226,0.082617
192.168.182.221,142.250.207.226,0.001234
192.168.182.221,142.250.207.226,0.001376
192.168.182.221,142.250.207.226,0.000804
192.168.182.221,142.250.207.226,0.175375
192.168.182.221,142.250.207.226,0.210088
192.168.182.221,142.250.207.226,0.023090
192.168.182.221,142.250.207.226,0.000808
192.168.182.221,142.250.207.226,0.002229
192.168.182.221,142.250.207.226,0.000272
192.168.182.221,142.250.207.226,0.000277
192.168.182.221,142.250.207.226,0.000025
192.168.182.221,142.250.207.226,0.001204
192.168.182.221,142.250.207.226,0.001219
192.168.182.221,142.250.207.226,0.000642
192.168.182.221,142.250.207.226,0.000375
192.168.182.221,142.250.207.226,0.100738
192.168.182.221,142.250.207.226,0.000105
192.168.182.221,142.250.207.226,0.059254
192.168.182.221,142.250.207.226,0.000139
192.168.182.221,142.250.207.226,0.004096
192.168.182.221,142.250.207.226,0.008687
192.168.182.221,142.250.207.226,0.000181
192.168.182.221,142.250.207.226,0.000357
192.168.182.221,142.250.207.226,0.003361
192.168.182.221,142.250.207.226,0.002566
192.168.182.221,142.250.207.226,0.000218
192.168.182.221,142.250.207.226,2.564453
192.168.182.221,142.250.207.226,0.096741
192.168.182.221,142.250.207.226,0.001009
192.168.182.221,142.250.207.226,0.026882
192.168.182.221,142.250.207.226,0.091380
192.168.182.221,142.250.207.226,0.001846
192.168.182.221,142.250.207.226,0.000790
192.168.182.221,142.250.207.226,0.053164
192.168.182.221,142.250.207.226,0.002965
192.168.182.221,142.250.207.226,0.000195
192.168.182.221,142.250.207.226,0.000974
192.168.182.221,142.250.207.226,0.000152
192.168.182.221,142.250.207.226,0.000109
192.168.182.221,142.250.207.226,0.000019
192.168.182.221,142.250.207.226,0.000040
192.168.182.221,142.250.207.226,0.059775
192.168.182.221,142.250.207.226,0.00641
192.168.182.221,142.250.207.226,0.033483
192.168.182.221,142.250.207.226,0.012250
192.168.182.221,142.250.207.226,0.000508
192.168.182.221,142.250.207.226,0.000362
192.168.182.221,142.250.207.226,0.000395
192.168.182.221,142.250.207.226,0.000248
192.168.182.221,142.250.207.226,0.045371
192.168.182.221,142.250.207.226,0.031068
192.168.182.221,142.250.207.226,0.000706
192.168.182.221,142.250.207.226,0.000485
192.168.182.221,142.250.207.226,0.000266
192.168.182.221,142.250.207.226,0.000113
192.168.182.221,142.250.207.226,0.000041
192.168.182.221,142.250.207.226,0.004355
192.168.182.221,142.250.207.226,0.021486
192.168.182.221,142.250.207.226,0.000871
192.168.182.221,142.250.207.226,0.021048
192.168.182.221,142.250.207.226,0.026006
192.168.182.221,142.250.207.226,0.040279
192.168.182.221,142.250.207.226,0.000381
192.168.182.221,142.250.207.226,0.001546
192.168.182.221,142.250.207.226,0.072028
192.168.182.221,142.250.207.226,0.000468
192.168.182.221,142.250.207.226,29.748107
192.168.182.221,142.250.207.226,0.422408
192.168.182.221,142.250.207.226,5.173422
192.168.182.221,142.250.207.226,0.000162
192.168.182.221,142.250.70.98,0.213968
192.168.182.221,142.250.70.98,0.000829
192.168.182.221,142.250.70.98,0.188077
192.168.182.221,142.250.70.98,0.001411
192.168.182.221,142.250.70.98,0.001260
192.168.182.221,142.250.70.98,0.000275
192.168.182.221,142.250.70.98,0.000192
192.168.182.221,142.250.70.98,0.167659
192.168.182.221,142.250.70.98,0.000197
192.168.182.221,142.250.70.98,0.045920
192.168.182.221,142.250.70.98,0.004111
192.168.182.221,142.250.70.98,45.119593
192.168.182.221,172.217.131.167,0.328812
192.168.182.221,172.217.131.167,0.324010
192.168.182.221,172.217.166.163,0.241227
192.168.182.221,172.217.166.163,0.623315
192.168.182.221,172.217.166.163,0.315579
192.168.182.221,172.217.166.163,0.000677
192.168.182.221,172.31.2.3,0.265200
192.168.182.221,172.31.2.3,3.737174
192.168.182.221,172.31.2.3,0.266194
192.168.182.221,172.31.2.3,5.763185
192.168.182.221,172.31.2.3,0.258469
192.168.182.221,172.31.2.3,0.750564
192.168.182.221,172.31.2.3,0.249704
192.168.182.221,172.31.2.3,1.761749
192.168.182.221,172.31.2.3,0.241574
192.168.182.221,172.31.2.3,3.759565
192.168.182.221,172.31.2.3,0.251060
192.168.182.221,172.31.2.3,0.751042
192.168.182.221,172.31.2.3,0.271588
192.168.182.221,172.31.2.3,0.734074
192.168.182.221,172.31.2.3,0.277662
192.168.182.221,172.31.2.3,1.725394
192.168.182.221,172.31.2.3,0.285705
192.168.182.221,172.31.2.3,3.728281
192.168.182.221,172.31.2.3,0.276888
192.168.182.221,172.31.2.3,10.755531
192.168.182.221,172.31.2.3,0.260806
192.168.182.221,172.31.2.3,0.743295
192.168.182.221,172.31.2.3,0.259903
192.168.182.221,172.31.2.3,1.755865
192.168.182.221,172.31.2.3,0.251138
192.168.182.221,172.31.2.3,3.752388
192.168.182.221,172.31.2.3,0.252405
192.168.182.221,172.31.2.3,0.742350
192.168.182.221,172.31.2.3,0.265644
192.168.182.221,172.31.2.3,0.735951
192.168.182.221,172.31.2.3,0.265885
192.168.182.221,172.31.2.3,1.744449
192.168.182.221,172.31.2.3,0.256070
192.168.182.221,172.31.2.3,3.748775
192.168.182.221,172.31.2.3,0.260920
192.168.182.221,172.31.2.3,30.774903
192.168.182.221,172.31.2.3,0.257592
192.168.182.221,172.31.2.3,0.745872
192.168.182.221,172.31.2.3,0.265451
192.168.182.221,172.31.2.3,1.737040
192.168.182.221,172.31.2.3,0.265513
192.168.182.221,172.31.2.3,3.736011
192.168.182.221,172.31.2.3,0.265819
192.168.182.221,172.31.2.3,0.751478
192.168.182.221,172.31.2.3,0.270309
192.168.182.221,172.31.2.3,0.745349
192.168.182.221,172.31.2.3,0.265801
192.168.182.221,172.31.2.3,1.735346
192.168.182.221,172.31.2.3,0.265968
192.168.182.221,172.31.2.3,3.736877
192.168.182.221,172.31.2.3,0.265803
192.168.182.221,18.66.112.50,0.260452
192.168.182.221,18.66.112.50,0.682622
192.168.182.221,18.66.112.50,0.229038
192.168.182.221,182.161.73.146,0.212453
192.168.182.221,182.161.73.146,0.000723
192.168.182.221,182.161.73.146,0.141416
192.168.182.221,182.161.73.146,0.003577
192.168.182.221,182.161.73.146,0.003722
192.168.182.221,182.161.73.146,0.001297
192.168.182.221,182.161.73.146,0.150247
192.168.182.221,182.161.73.146,0.000482
192.168.182.221,182.161.73.146,0.000290
192.168.182.221,182.161.73.146,10.053888
192.168.182.221,182.161.73.146,0.001188
192.168.182.221,182.161.73.146,0.145021
192.168.182.221,185.184.8.90,0.267105
192.168.182.221,185.184.8.90,0.119484
192.168.182.221,185.184.8.90,0.001005
192.168.182.221,185.184.8.90,0.345218
192.168.182.221,185.184.8.90,0.000788
192.168.182.221,185.184.8.90,0.161090
192.168.182.221,185.184.8.90,0.006526
192.168.182.221,185.184.8.90,0.000403
192.168.182.221,185.184.8.90,0.000340
192.168.182.221,185.184.8.90,0.158043
192.168.182.221,185.184.8.90,0.003256
192.168.182.221,185.184.8.90,0.320565
192.168.182.221,185.184.8.90,0.000885
192.168.182.221,185.184.8.90,0.000514
192.168.182.221,185.184.8.90,0.053067
192.168.182.221,185.84.60.23,0.183132
192.168.182.221,185.84.60.23,0.000830
192.168.182.221,185.84.60.23,0.277793
192.168.182.221,185.84.60.23,0.003934
192.168.182.221,185.84.60.23,0.018686
192.168.182.221,185.84.60.23,0.001488
192.168.182.221,185.84.60.23,0.000297
192.168.182.221,185.84.60.23,0.000202
192.168.182.221,185.84.60.23,0.517202
192.168.182.221,185.84.60.23,0.619758
192.168.182.221,185.84.60.23,1.400068
192.168.182.221,185.84.60.23,0.51674
192.168.182.221,192.168.182.9,0.000532
192.168.182.221,192.168.182.9,2.552755
192.168.182.221,192.168.182.9,0.000172
192.168.182.221,192.168.182.9,0.217662
192.168.182.221,192.168.182.9,0.000558
192.168.182.221,192.168.182.9,0.094046
192.168.182.221,192.168.182.9,0.003564
192.168.182.221,192.168.182.9,0.002287
192.168.182.221,192.168.182.9,0.073401
192.168.182.221,192.168.182.9,0.880398
192.168.182.221,192.168.182.9,0.005242
192.168.182.221,192.168.182.9,0.006914
192.168.182.221,192.168.182.9,0.070316
192.168.182.221,192.168.182.9,1.104878
192.168.182.221,192.168.182.9,0.007860
192.168.182.221,192.168.182.9,0.004251
192.168.182.221,192.168.182.9,3.741199
192.168.182.221,192.168.182.9,0.000753
192.168.182.221,192.168.182.9,2.276712
192.168.182.221,192.168.182.9,0.005021
192.168.182.221,192.168.182.9,0.004736
192.168.182.221,192.168.182.9,0.676263
192.168.182.221,192.168.182.9,0.003265
192.168.182.221,192.168.182.9,0.004641
192.168.182.221,192.168.182.9,0.152045
192.168.182.221,192.168.182.9,0.005874
192.168.182.221,192.168.182.9,0.005660
192.168.182.221,192.168.182.9,0.042174
192.168.182.221,192.168.182.9,0.963051
192.168.182.221,192.168.182.9,0.003495
192.168.182.221,192.168.182.9,0.002042
192.168.182.221,192.168.182.9,0.618307
192.168.182.221,192.168.182.9,0.004961
192.168.182.221,192.168.182.9,0.005786
192.168.182.221,192.168.182.9,0.013715
192.168.182.221,192.168.182.9,0.00220
192.168.182.221,192.168.182.9,0.006178
192.168.182.221,192.168.182.9,0.006076
192.168.182.221,192.168.182.9,0.004898
192.168.182.221,192.168.182.9,0.007180
192.168.182.221,192.168.182.9,0.016877
192.168.182.221,192.168.182.9,0.003273
192.168.182.221,192.168.182.9,0.003689
192.168.182.221,192.168.182.9,0.063853
192.168.182.221,192.168.182.9,0.116897
192.168.182.221,192.168.182.9,0.004560
192.168.182.221,192.168.182.9,0.003719
192.168.182.221,192.168.182.9,0.006932
192.168.182.221,192.168.182.9,0.003986
192.168.182.221,192.168.182.9,0.005397
192.168.182.221,192.168.182.9,0.003326
192.168.182.221,192.168.182.9,0.002225
192.168.182.221,192.168.182.9,0.001451
192.168.182.221,192.168.182.9,0.284461
192.168.182.221,192.168.182.9,0.002881
192.168.182.221,192.168.182.9,0.007017
192.168.182.221,192.168.182.9,0.136836
192.168.182.221,192.168.182.9,0.003143
192.168.182.221,192.168.182.9,0.002748
192.168.182.221,192.168.182.9,0.111892
192.168.182.221,192.168.182.9,0.045308
192.168.182.221,192.168.182.9,0.002208
192.168.182.221,192.168.182.9,0.003270
192.168.182.221,192.168.182.9,2.344604
192.168.182.221,192.168.182.9,0.004216
192.168.182.221,192.168.182.9,0.003279
192.168.182.221,192.168.182.9,0.038522
192.168.182.221,192.168.182.9,0.004389
192.168.182.221,192.168.182.9,0.003478
192.168.182.221,192.168.182.9,0.086142
192.168.182.221,192.168.182.9,0.002464
192.168.182.221,192.168.182.9,0.001260
192.168.182.221,192.168.182.9,0.009303
192.168.182.221,192.168.182.9,0.002308
192.168.182.221,192.168.182.9,0.001208
192.168.182.221,192.168.182.9,0.328152
192.168.182.221,192.168.182.9,0.003461
192.168.182.221,192.168.182.9,0.001785
192.168.182.221,192.168.182.9,0.062955
192.168.182.221,192.168.182.9,0.003300
192.168.182.221,192.168.182.9,0.002517
192.168.182.221,192.168.182.9,2.174206
192.168.182.221,192.168.182.9,0.004728
192.168.182.221,192.168.182.9,0.002065
192.168.182.221,192.168.182.9,12.804765
192.168.182.221,192.168.182.9,0.003961
192.168.182.221,192.168.182.9,0.003588
192.168.182.221,192.168.182.9,2.648426
192.168.182.221,192.168.182.9,0.008080
192.168.182.221,192.168.182.9,0.001974
192.168.182.221,192.168.182.9,0.730956
192.168.182.221,192.168.182.9,0.003142
192.168.182.221,192.168.182.9,0.002536
192.168.182.221,192.168.182.9,0.253409
192.168.182.221,192.168.182.9,0.003889
192.168.182.221,192.168.182.9,0.002619
192.168.182.221,192.168.182.9,0.062407
192.168.182.221,192.168.182.9,0.003871
192.168.182.221,192.168.182.9,0.001522
192.168.182.221,192.168.182.9,0.393405
192.168.182.221,192.168.182.9,0.003976
192.168.182.221,192.168.182.9,0.005022
192.168.182.221,192.168.182.9,0.005509
192.168.182.221,192.168.182.9,0.002692
192.168.182.221,192.168.182.9,0.002313
192.168.182.221,192.168.182.9,0.001933
192.168.182.221,192.168.182.9,0.001992
192.168.182.221,192.168.182.9,0.001838
192.168.182.221,192.168.182.9,0.208532
192.168.182.221,192.168.182.9,0.002336
192.168.182.221,192.168.182.9,0.002043
192.168.182.221,192.168.182.9,0.183617
192.168.182.221,192.168.182.9,0.006045
192.168.182.221,192.168.182.9,0.005782
192.168.182.221,192.168.182.9,0.008617
192.168.182.221,192.168.182.9,0.007283
192.168.182.221,192.168.182.9,0.003193
192.168.182.221,192.168.182.9,0.004230
192.168.182.221,192.168.182.9,0.003910
192.168.182.221,192.168.182.9,0.006604
192.168.182.221,192.168.182.9,0.005437
192.168.182.221,192.168.182.9,0.001166
192.168.182.221,192.168.182.9,0.000893
192.168.182.221,192.168.182.9,0.222931
192.168.182.221,192.168.182.9,0.619709
192.168.182.221,192.168.182.9,0.003452
192.168.182.221,192.168.182.9,0.001425
192.168.182.221,192.168.182.9,0.067734
192.168.182.221,192.168.182.9,5.707696
192.168.182.221,192.168.182.9,0.003317
192.168.182.221,192.168.182.9,0.002679
192.168.182.221,192.168.182.9,0.729627
192.168.182.221,192.168.182.9,0.006233
192.168.182.221,192.168.182.9,0.002635
192.168.182.221,192.168.182.9,0.007749
192.168.182.221,192.168.182.9,0.002002
192.168.182.221,192.168.182.9,0.000974
192.168.182.221,192.168.182.9,0.008658
192.168.182.221,192.168.182.9,0.001775
192.168.182.221,192.168.182.9,0.001725
192.168.182.221,192.168.182.9,0.063737
192.168.182.221,192.168.182.9,0.003157
192.168.182.221,192.168.182.9,0.001514
192.168.182.221,192.168.182.9,0.418798
192.168.182.221,192.168.182.9,0.002702
192.168.182.221,192.168.182.9,0.003137
192.168.182.221,192.168.182.9,0.229555
192.168.182.221,192.168.182.9,0.004082
192.168.182.221,192.168.182.9,0.004439
192.168.182.221,192.168.182.9,0.005170
192.168.182.221,192.168.182.9,0.002104
192.168.182.221,192.168.182.9,0.003527
192.168.182.221,192.168.182.9,0.008065
192.168.182.221,192.168.182.9,0.003119
192.168.182.221,192.168.182.9,0.001602
192.168.182.221,192.168.182.9,0.003951
192.168.182.221,192.168.182.9,0.002810
192.168.182.221,192.168.182.9,0.003129
192.168.182.221,192.168.182.9,0.159119
192.168.182.221,192.168.182.9,0.264219
192.168.182.221,192.168.182.9,0.003455
192.168.182.221,192.168.182.9,0.005372
192.168.182.221,192.168.182.9,0.133446
192.168.182.221,192.168.182.9,0.004202
192.168.182.221,192.168.182.9,0.002936
192.168.182.221,192.168.182.9,0.761377
192.168.182.221,192.168.182.9,0.006270
192.168.182.221,192.168.182.9,0.003343
192.168.182.221,192.168.182.9,0.085277
192.168.182.221,192.168.182.9,0.087798
192.168.182.221,192.168.182.9,0.003724
192.168.182.221,192.168.182.9,0.004154
192.168.182.221,192.168.182.9,0.045785
192.168.182.221,192.168.182.9,0.003040
192.168.182.221,192.168.182.9,0.002433
192.168.182.221,192.168.182.9,0.004964
192.168.182.221,192.168.182.9,0.004453
192.168.182.221,192.168.182.9,0.003774
192.168.182.221,192.168.182.9,0.259087
192.168.182.221,192.168.182.9,0.004866
192.168.182.221,192.168.182.9,0.002913
192.168.182.221,192.168.182.9,0.353128
192.168.182.221,192.168.182.9,0.001782
192.168.182.221,192.168.182.9,0.001486
192.168.182.221,192.168.182.9,0.612420
192.168.182.221,192.168.182.9,0.002015
192.168.182.221,192.168.182.9,0.001293
192.168.182.221,192.168.182.9,0.029605
192.168.182.221,192.168.182.9,0.002872
192.168.182.221,192.168.182.9,0.001243
192.168.182.221,192.168.182.9,0.118757
192.168.182.221,192.168.182.9,0.128051
192.168.182.221,192.168.182.9,0.004539
192.168.182.221,192.168.182.9,0.005376
192.168.182.221,192.168.182.9,0.522933
192.168.182.221,192.168.182.9,0.002147
192.168.182.221,192.168.182.9,0.002342
192.168.182.221,192.168.182.9,0.267117
192.168.182.221,192.168.182.9,0.002371
192.168.182.221,192.168.182.9,0.001452
192.168.182.221,192.168.182.9,0.004644
192.168.182.221,192.168.182.9,0.002102
192.168.182.221,192.168.182.9,0.001673
192.168.182.221,192.168.182.9,0.095645
192.168.182.221,192.168.182.9,0.108548
192.168.182.221,192.168.182.9,0.002629
192.168.182.221,192.168.182.9,0.002017
192.168.182.221,192.168.182.9,0.002123
192.168.182.221,192.168.182.9,0.000908
192.168.182.221,192.168.182.9,0.001495
192.168.182.221,192.168.182.9,0.783461
192.168.182.221,192.168.182.9,0.001940
192.168.182.221,192.168.182.9,0.001624
192.168.182.221,192.168.182.9,0.130714
192.168.182.221,192.168.182.9,0.002631
192.168.182.221,192.168.182.9,0.003590
192.168.182.221,192.168.182.9,2.191163
192.168.182.221,192.168.182.9,0.001815
192.168.182.221,192.168.182.9,0.001664
192.168.182.221,192.168.182.9,0.088415
192.168.182.221,192.168.182.9,0.006555
192.168.182.221,192.168.182.9,0.003749
192.168.182.221,192.168.182.9,0.006982
192.168.182.221,192.168.182.9,0.005037
192.168.182.221,192.168.182.9,0.003772
192.168.182.221,192.168.182.9,0.192950
192.168.182.221,192.168.182.9,0.006686
192.168.182.221,192.168.182.9,0.003269
192.168.182.221,192.168.182.9,0.205338
192.168.182.221,192.168.182.9,0.00274
192.168.182.221,192.168.182.9,0.003046
192.168.182.221,192.168.182.9,0.095230
192.168.182.221,192.168.182.9,0.004939
192.168.182.221,192.168.182.9,0.002619
192.168.182.221,192.168.182.9,0.004621
192.168.182.221,192.168.182.9,0.007000
192.168.182.221,192.168.182.9,0.007421
192.168.182.221,192.168.182.9,0.114788
192.168.182.221,192.168.182.9,0.003707
192.168.182.221,192.168.182.9,0.001772
192.168.182.221,192.168.182.9,0.002093
192.168.182.221,192.168.182.9,0.004083
192.168.182.221,192.168.182.9,0.003866
192.168.182.221,192.168.182.9,0.362187
192.168.182.221,192.168.182.9,0.347290
192.168.182.221,192.168.182.9,0.004013
192.168.182.221,192.168.182.9,0.004160
192.168.182.221,192.168.182.9,0.058868
192.168.182.221,192.168.182.9,0.003000
192.168.182.221,192.168.182.9,0.030819
192.168.182.221,192.168.182.9,0.004755
192.168.182.221,192.168.182.9,0.005106
192.168.182.221,192.168.182.9,0.104645
192.168.182.221,192.168.182.9,0.007440
192.168.182.221,192.168.182.9,0.005678
192.168.182.221,192.168.182.9,0.009899
192.168.182.221,192.168.182.9,0.002077
192.168.182.221,192.168.182.9,0.002252
192.168.182.221,192.168.182.9,0.131070
192.168.182.221,192.168.182.9,0.000607
192.168.182.221,192.168.182.9,0.008463
192.168.182.221,192.168.182.9,0.005692
192.168.182.221,192.168.182.9,0.004096
192.168.182.221,192.168.182.9,0.030324
192.168.182.221,192.168.182.9,0.002085
192.168.182.221,192.168.182.9,0.001328
192.168.182.221,192.168.182.9,0.025654
192.168.182.221,192.168.182.9,0.003279
192.168.182.221,192.168.182.9,0.008359
192.168.182.221,192.168.182.9,0.076201
192.168.182.221,192.168.182.9,0.101780
192.168.182.221,192.168.182.9,0.005032
192.168.182.221,192.168.182.9,0.003999
192.168.182.221,192.168.182.9,0.345531
192.168.182.221,192.168.182.9,0.002838
192.168.182.221,192.168.182.9,0.004786
192.168.182.221,192.168.182.9,0.111580
192.168.182.221,192.168.182.9,0.007443
192.168.182.221,192.168.182.9,0.001356
192.168.182.221,192.168.182.9,0.039642
192.168.182.221,192.168.182.9,0.002457
192.168.182.221,192.168.182.9,0.003602
192.168.182.221,192.168.182.9,0.701497
192.168.182.221,192.168.182.9,0.004716
192.168.182.221,192.168.182.9,0.005361
192.168.182.221,192.168.182.9,0.034313
192.168.182.221,192.168.182.9,0.007411
192.168.182.221,192.168.182.9,0.002673
192.168.182.221,192.168.182.9,0.667821
192.168.182.221,192.168.182.9,1.332171
192.168.182.221,192.168.182.9,0.002620
192.168.182.221,192.168.182.9,0.001764
192.168.182.221,192.168.182.9,0.244861
192.168.182.221,192.168.182.9,0.002288
192.168.182.221,192.168.182.9,0.002527
192.168.182.221,192.168.182.9,1.467200
192.168.182.221,192.168.182.9,0.004471
192.168.182.221,192.168.182.9,0.003325
192.168.182.221,192.168.182.9,0.003068
192.168.182.221,192.168.182.9,0.001707
192.168.182.221,192.168.182.9,0.001675
192.168.182.221,192.168.182.9,0.067102
192.168.182.221,192.168.182.9,0.002274
192.168.182.221,192.168.182.9,0.002218
192.168.182.221,192.168.182.9,0.043872
192.168.182.221,192.168.182.9,0.855759
192.168.182.221,192.168.182.9,0.005536
192.168.182.221,192.168.182.9,0.001739
192.168.182.221,192.168.182.9,0.029739
192.168.182.221,192.168.182.9,0.721645
192.168.182.221,192.168.182.9,0.003593
192.168.182.221,192.168.182.9,0.006264
192.168.182.221,192.168.182.9,1.518506
192.168.182.221,192.168.182.9,0.004076
192.168.182.221,192.168.182.9,0.001039
192.168.182.221,192.168.182.9,0.091815
192.168.182.221,192.168.182.9,0.009209
192.168.182.221,192.168.182.9,0.003958
192.168.182.221,192.168.182.9,0.002550
192.168.182.221,192.168.182.9,0.102212
192.168.182.221,192.168.182.9,0.005550
192.168.182.221,192.168.182.9,0.003456
192.168.182.221,192.168.182.9,0.946223
192.168.182.221,192.168.182.9,0.002815
192.168.182.221,192.168.182.9,0.001462
192.168.182.221,192.168.182.9,4.092839
192.168.182.221,192.168.182.9,0.004003
192.168.182.221,192.168.182.9,0.004757
192.168.182.221,192.168.182.9,0.074146
192.168.182.221,192.168.182.9,2.086210
192.168.182.221,192.168.182.9,0.001894
192.168.182.221,192.168.182.9,0.001583
192.168.182.221,192.168.182.9,2.998257
192.168.182.221,192.168.182.9,0.003100
192.168.182.221,192.168.182.9,0.001565
192.168.182.221,192.168.182.9,0.388998
192.168.182.221,192.168.182.9,0.001568
192.168.182.221,192.168.182.9,0.001028
192.168.182.221,192.168.182.9,4.482059
192.168.182.221,192.168.182.9,0.003710
192.168.182.221,192.168.182.9,0.004279
192.168.182.221,192.168.182.9,0.049072
192.168.182.221,192.168.182.9,8.407803
192.168.182.221,192.168.182.9,0.003978
192.168.182.221,192.168.182.9,0.002813
192.168.182.221,192.168.182.9,0.041746
192.168.182.221,199.232.22.109,0.064037
192.168.182.221,199.232.22.109,0.000737
192.168.182.221,199.232.22.109,0.097906
192.168.182.221,199.232.22.109,0.002368
192.168.182.221,199.232.22.109,0.000315
192.168.182.221,199.232.22.109,0.000189
192.168.182.221,199.232.22.109,0.014887
192.168.182.221,199.232.22.109,0.088644
192.168.182.221,199.232.22.109,0.000667
192.168.182.221,199.232.22.109,0.018848
192.168.182.221,199.232.22.109,45.053613
192.168.182.221,20.198.119.84,0.149213
192.168.182.221,20.198.119.84,44.858058
192.168.182.221,20.198.119.84,0.308444
192.168.182.221,20.198.119.84,0.309826
192.168.182.221,20.198.119.84,0.233810
192.168.182.221,20.198.119.84,0.061198
192.168.182.221,20.198.119.84,0.272833
192.168.182.221,20.207.70.99,0.000744
192.168.182.221,20.207.70.99,0.116531
192.168.182.221,20.207.70.99,0.001309
192.168.182.221,20.207.70.99,0.002225
192.168.182.221,20.207.70.99,0.104534
192.168.182.221,20.207.70.99,0.048575
192.168.182.221,20.207.70.99,0.000710
192.168.182.221,20.207.70.99,0.105118
192.168.182.221,20.207.70.99,0.002396
192.168.182.221,20.207.70.99,0.000558
192.168.182.221,20.207.70.99,0.077105
192.168.182.221,20.207.70.99,0.065833
192.168.182.221,20.207.70.99,0.002249
192.168.182.221,20.207.70.99,0.005016
192.168.182.221,20.207.70.99,0.002819
192.168.182.221,20.207.70.99,0.037040
192.168.182.221,20.207.70.99,0.001501
192.168.182.221,20.207.70.99,0.070736
192.168.182.221,20.207.70.99,0.014303
192.168.182.221,20.207.70.99,0.002583
192.168.182.221,20.207.70.99,0.001697
192.168.182.221,20.207.70.99,0.011417
192.168.182.221,20.207.70.99,0.001259
192.168.182.221,20.207.70.99,0.000507
192.168.182.221,20.207.70.99,0.000337
192.168.182.221,20.207.70.99,0.000704
192.168.182.221,20.207.70.99,0.000387
192.168.182.221,20.207.70.99,0.086132
192.168.182.221,20.207.70.99,0.002253
192.168.182.221,20.207.70.99,0.000333
192.168.182.221,20.207.70.99,0.006091
192.168.182.221,20.207.70.99,0.003654
192.168.182.221,20.207.70.99,0.002357
192.168.182.221,20.207.70.99,0.002493
192.168.182.221,20.207.70.99,0.109572
192.168.182.221,20.207.70.99,0.016403
192.168.182.221,20.207.70.99,0.003582
192.168.182.221,20.207.70.99,0.122657
192.168.182.221,20.207.70.99,0.579065
192.168.182.221,20.207.70.99,0.311854
192.168.182.221,20.207.70.99,0.093880
192.168.182.221,20.207.70.99,0.582544
192.168.182.221,20.207.70.99,0.001780
192.168.182.221,20.207.70.99,0.118778
192.168.182.221,20.207.70.99,0.002619
192.168.182.221,20.207.70.99,0.106103
192.168.182.221,20.207.70.99,0.269081
192.168.182.221,20.207.70.99,0.018563
192.168.182.221,20.207.70.99,0.096138
192.168.182.221,20.207.70.99,0.009593
192.168.182.221,20.207.70.99,1.340748
192.168.182.221,20.207.70.99,0.324222
192.168.182.221,20.207.70.99,0.204197
192.168.182.221,20.207.70.99,0.041246
192.168.182.221,20.207.70.99,0.199431
192.168.182.221,20.207.70.99,0.050777
192.168.182.221,20.207.70.99,1.528230
192.168.182.221,20.207.70.99,0.998624
192.168.182.221,20.207.70.99,2.003692
192.168.182.221,20.207.70.99,0.192849
192.168.182.221,20.207.70.99,0.117797
192.168.182.221,20.207.70.99,0.152814
192.168.182.221,20.207.70.99,0.15789
192.168.182.221,20.207.70.99,1.371947
192.168.182.221,20.207.70.99,0.303039
192.168.182.221,20.207.70.99,2.703373
192.168.182.221,20.207.70.99,0.307923
192.168.182.221,20.207.70.99,0.144662
192.168.182.221,20.207.70.99,1.548794
192.168.182.221,20.207.70.99,2.987152
192.168.182.221,20.207.70.99,0.418092
192.168.182.221,20.207.70.99,0.017271
192.168.182.221,20.207.70.99,1.569701
192.168.182.221,20.207.70.99,3.001016
192.168.182.221,20.207.70.99,0.230898
192.168.182.221,20.207.70.99,0.188619
192.168.182.221,20.207.70.99,1.575117
192.168.182.221,20.207.70.99,0.366407
192.168.182.221,20.207.70.99,1.014138
192.168.182.221,20.207.70.99,1.629275
192.168.182.221,20.207.70.99,0.176762
192.168.182.221,20.207.70.99,0.297009
192.168.182.221,20.207.70.99,1.518657
192.168.182.221,20.207.70.99,2.997536
192.168.182.221,20.207.70.99,0.232557
192.168.182.221,20.207.70.99,0.242336
192.168.182.221,20.207.70.99,1.537609
192.168.182.221,20.207.70.99,2.998675
192.168.182.221,20.207.70.99,0.275258
192.168.182.221,20.207.70.99,0.324616
192.168.182.221,20.207.70.99,1.392316
192.168.182.221,20.207.70.99,0.915412
192.168.182.221,20.207.70.99,2.088070
192.168.182.221,20.207.70.99,0.179089
192.168.182.221,20.207.70.99,0.046151
192.168.182.221,20.207.70.99,0.092414
192.168.182.221,20.207.70.99,0.370491
192.168.182.221,20.207.70.99,0.320917
192.168.182.221,20.207.70.99,0.116019
192.168.182.221,20.207.70.99,0.875064
192.168.182.221,20.207.70.99,0.321027
192.168.182.221,20.207.70.99,2.692672
192.168.182.221,20.207.70.99,0.361355
192.168.182.221,20.207.70.99,0.849444
192.168.182.221,20.207.70.99,0.481495
192.168.182.221,20.207.70.99,0.298846
192.168.182.221,20.207.70.99,0.443573
192.168.182.221,20.207.70.99,2.547850
192.168.182.221,20.207.70.99,0.480766
192.168.182.221,20.207.70.99,0.069562
192.168.182.221,20.207.70.99,1.455897
192.168.182.221,20.207.70.99,1.373688
192.168.182.221,20.207.70.99,1.627715
192.168.182.221,20.207.70.99,0.268229
192.168.182.221,20.207.70.99,0.230673
192.168.182.221,20.207.70.99,1.504117
192.168.182.221,20.207.70.99,3.268268
192.168.182.221,20.207.70.99,0.218369
192.168.182.221,20.207.70.99,4.759882
192.168.182.221,20.207.70.99,0.249977
192.168.182.221,20.207.70.99,4.751821
192.168.182.221,20.207.70.99,0.250026
192.168.182.221,20.207.70.99,0.629783
192.168.182.221,20.207.70.99,0.000776
192.168.182.221,20.207.70.99,0.000433
192.168.182.221,20.207.70.99,0.090708
192.168.182.221,20.207.70.99,4.046801
192.168.182.221,20.207.70.99,0.266213
192.168.182.221,20.207.70.99,4.736728
192.168.182.221,20.207.70.99,0.219165
192.168.182.221,20.207.70.99,0.501801
192.168.182.221,20.207.70.99,2.469516
192.168.182.221,20.207.70.99,1.798879
192.168.182.221,20.207.70.99,0.226883
192.168.182.221,20.207.73.85,0.129565
192.168.182.221,20.207.73.85,0.001651
192.168.182.221,20.207.73.85,0.154150
192.168.182.221,20.207.73.85,0.001117
192.168.182.221,20.207.73.85,0.000386
192.168.182.221,20.207.73.85,0.000438
192.168.182.221,20.207.73.85,0.083192
192.168.182.221,20.207.73.85,0.034145
192.168.182.221,20.207.73.85,0.241159
192.168.182.221,20.207.73.85,0.002602
192.168.182.221,20.207.73.85,1.141928
192.168.182.221,20.207.73.85,0.005333
192.168.182.221,20.207.73.85,30.049581
192.168.182.221,20.207.73.85,0.000191
192.168.182.221,20.207.73.85,0.093995
192.168.182.221,20.212.88.117,45.148568
192.168.182.221,20.43.185.14,0.706077
192.168.182.221,20.43.185.14,0.000342
192.168.182.221,20.43.185.14,0.151250
192.168.182.221,20.43.185.14,7.269418
192.168.182.221,20.43.185.14,0.000504
192.168.182.221,20.43.185.14,0.002589
192.168.182.221,20.43.185.14,0.000542
192.168.182.221,20.43.185.14,0.001598
192.168.182.221,20.43.185.14,0.00049
192.168.182.221,20.43.185.14,0.001685
192.168.182.221,20.43.185.14,0.000958
192.168.182.221,20.43.185.14,0.002553
192.168.182.221,20.43.185.14,0.000535
192.168.182.221,20.43.185.14,0.001209
192.168.182.221,20.43.185.14,0.000211
192.168.182.221,20.43.185.14,0.000907
192.168.182.221,20.43.185.14,0.000177
192.168.182.221,20.43.185.14,0.000705
192.168.182.221,20.43.185.14,0.000141
192.168.182.221,20.43.185.14,0.000937
192.168.182.221,20.43.185.14,0.000309
192.168.182.221,20.43.185.14,0.001014
192.168.182.221,20.43.185.14,0.000288
192.168.182.221,20.43.185.14,0.533536
192.168.182.221,20.43.185.14,0.014298
192.168.182.221,20.43.185.14,0.031388
192.168.182.221,20.43.185.14,0.020547
192.168.182.221,20.43.185.14,0.063145
192.168.182.221,20.43.185.14,0.093510
192.168.182.221,20.43.185.14,0.046748
192.168.182.221,20.43.185.14,0.034705
192.168.182.221,20.43.185.14,0.849480
192.168.182.221,20.43.185.14,0.910985
192.168.182.221,20.43.185.14,0.343909
192.168.182.221,20.43.185.14,18.356636
192.168.182.221,20.43.185.14,9.777778
192.168.182.221,20.43.185.14,0.823800
192.168.182.221,20.43.185.14,0.063520
192.168.182.221,20.43.185.14,4.252913
192.168.182.221,20.43.185.14,10.335166
192.168.182.221,20.43.185.14,0.757256
192.168.182.221,20.43.185.14,5.435988
192.168.182.221,20.43.185.14,7.838644
192.168.182.221,20.43.185.14,0.077257
192.168.182.221,20.43.185.14,0.171773
192.168.182.221,20.43.185.14,0.000189
192.168.182.221,20.43.185.14,0.000128
192.168.182.221,20.43.185.14,0.000168
192.168.182.221,20.43.185.14,0.069110
192.168.182.221,20.43.185.14,0.064239
192.168.182.221,20.43.185.14,0.009536
192.168.182.221,20.43.185.14,0.143804
192.168.182.221,20.43.185.14,0.919947
192.168.182.221,20.50.73.11,0.267854
192.168.182.221,20.50.73.11,0.001792
192.168.182.221,20.50.73.11,0.304743
192.168.182.221,20.50.73.11,0.000645
192.168.182.221,20.50.73.11,0.000723
192.168.182.221,20.50.73.11,0.001659
192.168.182.221,20.50.73.11,0.000743
192.168.182.221,20.50.73.11,0.02416
192.168.182.221,20.50.73.11,0.558401
192.168.182.221,20.50.73.11,0.059750
192.168.182.221,20.50.73.11,0.354866
192.168.182.221,20.50.73.11,0.000572
192.168.182.221,20.50.73.11,0.000336
192.168.182.221,20.50.73.11,0.434385
192.168.182.221,20.50.73.11,60.555453
192.168.182.221,20.50.73.11,0.258490
192.168.182.221,204.79.197.222,0.060187
192.168.182.221,204.79.197.222,0.000357
192.168.182.221,216.239.32.116,0.154008
192.168.182.221,216.239.32.116,0.002102
192.168.182.221,216.239.32.116,0.259361
192.168.182.221,216.239.32.116,0.020385
192.168.182.221,216.239.32.116,0.001055
192.168.182.221,216.239.32.116,0.000186
192.168.182.221,216.239.32.116,0.000138
192.168.182.221,216.239.32.116,0.000056
192.168.182.221,216.239.32.116,0.074136
192.168.182.221,216.239.32.116,0.000488
192.168.182.221,216.239.32.116,0.096963
192.168.182.221,216.239.32.116,0.003131
192.168.182.221,216.239.32.116,0.000064
192.168.182.221,216.239.32.116,45.059384
192.168.182.221,216.58.221.46,0.331418
192.168.182.221,23.218.244.122,0.103139
192.168.182.221,23.218.244.122,0.000509
192.168.182.221,239.255.255.250,0.000005
192.168.182.221,239.255.255.250,1.010692
192.168.182.221,239.255.255.250,0.000007
192.168.182.221,239.255.255.250,1.000617
192.168.182.221,239.255.255.250,0.000015
192.168.182.221,239.255.255.250,1.000951
192.168.182.221,239.255.255.250,0.000016
192.168.182.221,34.120.195.249,0.252985
192.168.182.221,34.120.195.249,0.159574
192.168.182.221,34.120.195.249,0.000533
192.168.182.221,34.120.195.249,0.793377
192.168.182.221,34.120.195.249,0.044017
192.168.182.221,34.120.195.249,0.008038
192.168.182.221,34.120.195.249,0.001762
192.168.182.221,34.120.195.249,0.098221
192.168.182.221,34.120.195.249,0.003520
192.168.182.221,34.120.195.249,0.000698
192.168.182.221,34.120.195.249,0.000610
192.168.182.221,34.120.195.249,0.000508
192.168.182.221,34.120.195.249,0.513911
192.168.182.221,34.120.195.249,0.027966
192.168.182.221,34.120.195.249,0.000998
192.168.182.221,34.120.195.249,0.000489
192.168.182.221,34.120.195.249,0.224858
192.168.182.221,34.120.195.249,0.001154
192.168.182.221,34.120.195.249,0.002440
192.168.182.221,34.120.195.249,0.518561
192.168.182.221,34.120.195.249,0.768961
192.168.182.221,34.120.195.249,0.000318
192.168.182.221,34.120.195.249,0.002149
192.168.182.221,34.120.195.249,0.000860
192.168.182.221,34.120.195.249,0.138562
192.168.182.221,34.120.195.249,0.000371
192.168.182.221,34.120.195.249,0.130512
192.168.182.221,34.120.195.249,0.000283
192.168.182.221,34.120.195.249,0.008682
192.168.182.221,34.120.195.249,0.001747
192.168.182.221,34.120.195.249,0.099629
192.168.182.221,34.120.195.249,0.399200
192.168.182.221,34.120.195.249,0.004195
192.168.182.221,34.120.195.249,0.274714
192.168.182.221,34.120.195.249,0.050067
192.168.182.221,34.120.195.249,0.006990
192.168.182.221,34.120.195.249,0.026434
192.168.182.221,34.120.195.249,0.275299
192.168.182.221,34.120.195.249,0.611341
192.168.182.221,34.120.195.249,42.160409
192.168.182.221,34.120.195.249,1.172125
192.168.182.221,35.241.11.240,45.048260
192.168.182.221,52.221.88.164,0.252578
192.168.182.221,52.221.88.164,0.136244
192.168.182.221,52.221.88.164,0.000163
192.168.182.221,52.221.88.164,0.002667
192.168.182.221,52.221.88.164,0.000677
192.168.182.221,52.221.88.164,0.179153
192.168.182.221,52.221.88.164,0.007282
192.168.182.221,52.221.88.164,0.002047
192.168.182.221,52.221.88.164,0.000114
192.168.182.221,52.221.88.164,0.000120
192.168.182.221,52.221.88.164,0.000127
192.168.182.221,52.221.88.164,0.006039
192.168.182.221,52.221.88.164,0.002903
192.168.182.221,52.221.88.164,0.000663
192.168.182.221,52.221.88.164,0.155153
192.168.182.221,52.221.88.164,0.000075
192.168.182.221,52.221.88.164,0.000179
192.168.182.221,52.221.88.164,0.000531
192.168.182.221,52.221.88.164,0.011661
192.168.182.221,52.221.88.164,0.005163
192.168.182.221,52.221.88.164,0.196325
192.168.182.221,52.221.88.164,0.001551
192.168.182.221,52.221.88.164,0.000887
192.168.182.221,52.221.88.164,0.018867
192.168.182.221,52.221.88.164,0.002555
192.168.182.221,52.221.88.164,0.135134
192.168.182.221,52.221.88.164,0.022748
192.168.182.221,52.221.88.164,0.006845
192.168.182.221,52.221.88.164,0.001664
192.168.182.221,52.221.88.164,0.000551
192.168.182.221,52.221.88.164,0.003029
192.168.182.221,52.221.88.164,0.001355
192.168.182.221,52.221.88.164,0.004975
192.168.182.221,52.221.88.164,0.003902
192.168.182.221,52.221.88.164,0.020617
192.168.182.221,52.221.88.164,0.020257
192.168.182.221,52.221.88.164,0.000881
192.168.182.221,52.221.88.164,0.097759
192.168.182.221,52.221.88.164,0.405536
192.168.182.221,52.221.88.164,28.870974
192.168.182.221,52.221.88.164,0.960586
192.168.182.221,52.221.88.164,0.019674
192.168.182.221,52.221.88.164,0.000131
192.168.182.221,52.221.88.164,0.112524
192.168.182.221,52.86.229.235,0.258344
192.168.182.221,52.86.229.235,0.723496
192.168.182.221,52.86.229.235,0.000849
192.168.182.221,52.86.229.235,0.019663
192.168.182.221,52.86.229.235,0.862331
192.168.182.221,52.86.229.235,0.005198
192.168.182.221,52.86.229.235,0.008772
192.168.182.221,52.86.229.235,0.002961
192.168.182.221,52.86.229.235,0.000062
192.168.182.221,52.86.229.235,0.071059
192.168.182.221,52.86.229.235,0.001965
192.168.182.221,52.86.229.235,0.880096
192.168.182.221,52.86.229.235,0.003462
192.168.182.221,52.86.229.235,0.052116
192.168.182.221,52.86.229.235,0.015612
192.168.182.221,52.86.229.235,0.000173
192.168.182.221,52.86.229.235,0.002189
192.168.182.221,52.86.229.235,0.410735
192.168.182.221,52.86.229.235,0.199674
192.168.182.221,52.86.229.235,0.333191
192.168.182.221,52.86.229.235,5.128403
192.168.182.221,52.86.229.235,0.000376
192.168.182.221,52.86.229.235,3.303399
192.168.182.221,52.86.229.235,0.000330
192.168.182.221,52.86.229.235,1.628835
192.168.182.221,52.86.229.235,3.556714
192.168.182.221,75.101.173.96,0.255860
192.168.182.221,75.101.173.96,0.732585
192.168.182.221,75.101.173.96,1.002509
192.168.182.221,91.108.56.135,0.288125
192.168.182.221,91.108.56.135,44.718003
192.168.182.221,91.108.56.135,0.176889
192.168.182.9,192.168.182.221,0.000847
192.168.182.9,192.168.182.221,2.557539
192.168.182.9,192.168.182.221,0.000601
192.168.182.9,192.168.182.221,0.207215
192.168.182.9,192.168.182.221,0.000433
192.168.182.9,192.168.182.221,0.082391
192.168.182.9,192.168.182.221,0.000871
192.168.182.9,192.168.182.221,0.026193
192.168.182.9,192.168.182.221,0.928360
192.168.182.9,192.168.182.221,0.001374
192.168.182.9,192.168.182.221,0.032378
192.168.182.9,192.168.182.221,1.21928
192.168.182.9,192.168.182.221,0.066238
192.168.182.9,192.168.182.221,0.015896
192.168.182.9,192.168.182.221,3.719233
192.168.182.9,192.168.182.221,0.000585
192.168.182.9,192.168.182.221,2.166589
192.168.182.9,192.168.182.221,0.001313
192.168.182.9,192.168.182.221,0.013887
192.168.182.9,192.168.182.221,0.673071
192.168.182.9,192.168.182.221,0.001061
192.168.182.9,192.168.182.221,0.004065
192.168.182.9,192.168.182.221,0.104090
192.168.182.9,192.168.182.221,0.005583
192.168.182.9,192.168.182.221,0.044998
192.168.182.9,192.168.182.221,1.041443
192.168.182.9,192.168.182.221,0.000948
192.168.182.9,192.168.182.221,0.000418
192.168.182.9,192.168.182.221,0.587737
192.168.182.9,192.168.182.221,0.002606
192.168.182.9,192.168.182.221,0.018953
192.168.182.9,192.168.182.221,0.003387
192.168.182.9,192.168.182.221,0.000563
192.168.182.9,192.168.182.221,0.035588
192.168.182.9,192.168.182.221,0.002783
192.168.182.9,192.168.182.221,0.000975
192.168.182.9,192.168.182.221,0.030332
192.168.182.9,192.168.182.221,0.014308
192.168.182.9,192.168.182.221,0.000843
192.168.182.9,192.168.182.221,0.000528
192.168.182.9,192.168.182.221,0.106569
192.168.182.9,192.168.182.221,0.00372
192.168.182.9,192.168.182.221,0.030371
192.168.182.9,192.168.182.221,0.051468
192.168.182.9,192.168.182.221,0.007914
192.168.182.9,192.168.182.221,0.000903
192.168.182.9,192.168.182.221,0.000167
192.168.182.9,192.168.182.221,0.003940
192.168.182.9,192.168.182.221,0.352183
192.168.182.9,192.168.182.221,0.011617
192.168.182.9,192.168.182.221,0.001620
192.168.182.9,192.168.182.221,0.111234
192.168.182.9,192.168.182.221,0.549208
192.168.182.9,192.168.182.221,0.007830
192.168.182.9,192.168.182.221,0.002559
192.168.182.9,192.168.182.221,2.019945
192.168.182.9,192.168.182.221,0.001348
192.168.182.9,192.168.182.221,0.001094
192.168.182.9,192.168.182.221,0.000769
192.168.182.9,192.168.182.221,0.00031
192.168.182.9,192.168.182.221,0.00052
192.168.182.9,192.168.182.221,0.038459
192.168.182.9,192.168.182.221,0.001242
192.168.182.9,192.168.182.221,0.007256
192.168.182.9,192.168.182.221,0.002346
192.168.182.9,192.168.182.221,0.345613
192.168.182.9,192.168.182.221,0.001249
192.168.182.9,192.168.182.221,0.075727
192.168.182.9,192.168.182.221,2.193336
192.168.182.9,192.168.182.221,0.001864
192.168.182.9,192.168.182.221,12.812017
192.168.182.9,192.168.182.221,0.036533
192.168.182.9,192.168.182.221,0.000925
192.168.182.9,192.168.182.221,2.621735
192.168.182.9,192.168.182.221,0.000547
192.168.182.9,192.168.182.221,0.691413
192.168.182.9,192.168.182.221,0.008986
192.168.182.9,192.168.182.221,0.001213
192.168.182.9,192.168.182.221,0.334704
192.168.182.9,192.168.182.221,0.003803
192.168.182.9,192.168.182.221,0.120008
192.168.182.9,192.168.182.221,0.002256
192.168.182.9,192.168.182.221,0.356577
192.168.182.9,192.168.182.221,0.001059
192.168.182.9,192.168.182.221,0.007107
192.168.182.9,192.168.182.221,0.003660
192.168.182.9,192.168.182.221,0.002310
192.168.182.9,192.168.182.221,0.204290
192.168.182.9,192.168.182.221,0.001037
192.168.182.9,192.168.182.221,0.049662
192.168.182.9,192.168.182.221,0.005669
192.168.182.9,192.168.182.221,0.025254
192.168.182.9,192.168.182.221,0.005813
192.168.182.9,192.168.182.221,0.066176
192.168.182.9,192.168.182.221,0.003201
192.168.182.9,192.168.182.221,0.001659
192.168.182.9,192.168.182.221,0.139412
192.168.182.9,192.168.182.221,0.002097
192.168.182.9,192.168.182.221,0.024346
192.168.182.9,192.168.182.221,0.600370
192.168.182.9,192.168.182.221,0.003305
192.168.182.9,192.168.182.221,0.066249
192.168.182.9,192.168.182.221,5.769435
192.168.182.9,192.168.182.221,0.005599
192.168.182.9,192.168.182.221,0.719283
192.168.182.9,192.168.182.221,0.000651
192.168.182.9,192.168.182.221,0.000806
192.168.182.9,192.168.182.221,0.023829
192.168.182.9,192.168.182.221,0.002762
192.168.182.9,192.168.182.221,0.017007
192.168.182.9,192.168.182.221,0.000790
192.168.182.9,192.168.182.221,0.008974
192.168.182.9,192.168.182.221,0.035446
192.168.182.9,192.168.182.221,0.018664
192.168.182.9,192.168.182.221,0.001696
192.168.182.9,192.168.182.221,0.465067
192.168.182.9,192.168.182.221,0.179824
192.168.182.9,192.168.182.221,0.147191
192.168.182.9,192.168.182.221,0.270199
192.168.182.9,192.168.182.221,0.002147
192.168.182.9,192.168.182.221,0.092540
192.168.182.9,192.168.182.221,0.061452
192.168.182.9,192.168.182.221,0.003037
192.168.182.9,192.168.182.221,0.103444
192.168.182.9,192.168.182.221,0.663148
192.168.182.9,192.168.182.221,0.001355
192.168.182.9,192.168.182.221,0.073949
192.168.182.9,192.168.182.221,0.146082
192.168.182.9,192.168.182.221,0.007378
192.168.182.9,192.168.182.221,0.085668
192.168.182.9,192.168.182.221,0.008031
192.168.182.9,192.168.182.221,0.000969
192.168.182.9,192.168.182.221,0.007647
192.168.182.9,192.168.182.221,0.001958
192.168.182.9,192.168.182.221,0.257226
192.168.182.9,192.168.182.221,0.318869
192.168.182.9,192.168.182.221,0.620972
192.168.182.9,192.168.182.221,0.000361
192.168.182.9,192.168.182.221,0.071976
192.168.182.9,192.168.182.221,0.001131
192.168.182.9,192.168.182.221,0.023804
192.168.182.9,192.168.182.221,0.139221
192.168.182.9,192.168.182.221,0.001798
192.168.182.9,192.168.182.221,0.049522
192.168.182.9,192.168.182.221,0.523838
192.168.182.9,192.168.182.221,0.009801
192.168.182.9,192.168.182.221,0.031864
192.168.182.9,192.168.182.221,0.200462
192.168.182.9,192.168.182.221,0.000751
192.168.182.9,192.168.182.221,0.082924
192.168.182.9,192.168.182.221,0.000716
192.168.182.9,192.168.182.221,0.359296
192.168.182.9,192.168.182.221,0.005626
192.168.182.9,192.168.182.221,0.001509
192.168.182.9,192.168.182.221,0.793799
192.168.182.9,192.168.182.221,0.004787
192.168.182.9,192.168.182.221,0.191535
192.168.182.9,192.168.182.221,0.015651
192.168.182.9,192.168.182.221,0.017185
192.168.182.9,192.168.182.221,2.163242
192.168.182.9,192.168.182.221,0.001333
192.168.182.9,192.168.182.221,0.498611
192.168.182.9,192.168.182.221,0.001466
192.168.182.9,192.168.182.221,0.324507
192.168.182.9,192.168.182.221,0.008436
192.168.182.9,192.168.182.221,0.001355
192.168.182.9,192.168.182.221,0.000102
192.168.182.9,192.168.182.221,0.000629
192.168.182.9,192.168.182.221,0.004107
192.168.182.9,192.168.182.221,0.003378
192.168.182.9,192.168.182.221,0.004648
192.168.182.9,192.168.182.221,0.001927
192.168.182.9,192.168.182.221,0.001636
192.168.182.9,192.168.182.221,0.000425
192.168.182.9,192.168.182.221,0.002214
192.168.182.9,192.168.182.221,0.001183
192.168.182.9,192.168.182.221,0.037825
192.168.182.9,192.168.182.221,0.355789
192.168.182.9,192.168.182.221,0.017686
192.168.182.9,192.168.182.221,0.014998
192.168.182.9,192.168.182.221,0.001739
192.168.182.9,192.168.182.221,0.085490
192.168.182.9,192.168.182.221,0.125880
192.168.182.9,192.168.182.221,0.001208
192.168.182.9,192.168.182.221,0.039788
192.168.182.9,192.168.182.221,0.016232
192.168.182.9,192.168.182.221,0.000723
192.168.182.9,192.168.182.221,0.009621
192.168.182.9,192.168.182.221,0.001932
192.168.182.9,192.168.182.221,0.146478
192.168.182.9,192.168.182.221,0.003924
192.168.182.9,192.168.182.221,0.187143
192.168.182.9,192.168.182.221,0.020018
192.168.182.9,192.168.182.221,0.446102
192.168.182.9,192.168.182.221,0.001236
192.168.182.9,192.168.182.221,0.003637
192.168.182.9,192.168.182.221,0.712886
192.168.182.9,192.168.182.221,0.003358
192.168.182.9,192.168.182.221,0.040492
192.168.182.9,192.168.182.221,0.001980
192.168.182.9,192.168.182.221,0.001089
192.168.182.9,192.168.182.221,0.633678
192.168.182.9,192.168.182.221,0.001205
192.168.182.9,192.168.182.221,0.004547
192.168.182.9,192.168.182.221,0.040491
192.168.182.9,192.168.182.221,0.041978
192.168.182.9,192.168.182.221,1.570754
192.168.182.9,192.168.182.221,0.600858
192.168.182.9,192.168.182.221,0.797794
192.168.182.9,192.168.182.221,0.003410
192.168.182.9,192.168.182.221,0.011117
192.168.182.9,192.168.182.221,0.109993
192.168.182.9,192.168.182.221,0.859991
192.168.182.9,192.168.182.221,0.004959
192.168.182.9,192.168.182.221,0.028858
192.168.182.9,192.168.182.221,0.767949
192.168.182.9,192.168.182.221,1.485599
192.168.182.9,192.168.182.221,0.003246
192.168.182.9,192.168.182.221,0.105421
192.168.182.9,192.168.182.221,0.007861
192.168.182.9,192.168.182.221,0.078452
192.168.182.9,192.168.182.221,0.026126
192.168.182.9,192.168.182.221,0.061846
192.168.182.9,192.168.182.221,0.943653
192.168.182.9,192.168.182.221,0.001436
192.168.182.9,192.168.182.221,0.000455
192.168.182.9,192.168.182.221,4.077035
192.168.182.9,192.168.182.221,0.000693
192.168.182.9,192.168.182.221,0.040253
192.168.182.9,192.168.182.221,2.160833
192.168.182.9,192.168.182.221,0.038476
192.168.182.9,192.168.182.221,0.001158
192.168.182.9,192.168.182.221,2.960819
192.168.182.9,192.168.182.221,0.399451
192.168.182.9,192.168.182.221,0.001638
192.168.182.9,192.168.182.221,0.000560
192.168.182.9,192.168.182.221,4.406778
192.168.182.9,192.168.182.221,0.003540
192.168.182.9,192.168.182.221,0.050086
192.168.182.9,192.168.182.221,8.410878
192.168.182.9,192.168.182.221,0.004089
192.168.182.9,192.168.182.221,0.041347
199.232.22.109,192.168.182.221,0.096512
199.232.22.109,192.168.182.221,0.001366
199.232.22.109,192.168.182.221,0.001180
199.232.22.109,192.168.182.221,0.017814
199.232.22.109,192.168.182.221,0.086394
199.232.22.109,192.168.182.221,0.002298
199.232.22.109,192.168.182.221,0.019506
199.232.22.109,192.168.182.221,0.048132
199.232.22.109,192.168.182.221,45.064125
20.198.119.84,192.168.182.221,45.697644
20.198.119.84,192.168.182.221,0.116506
20.198.119.84,192.168.182.221,0.001707
20.198.119.84,192.168.182.221,0.271567
20.198.119.84,192.168.182.221,0.007307
20.207.70.99,192.168.182.221,0.013830
20.207.70.99,192.168.182.221,0.008306
20.207.70.99,192.168.182.221,0.104447
20.207.70.99,192.168.182.221,0.002036
20.207.70.99,192.168.182.221,0.148840
20.207.70.99,192.168.182.221,0.005814
20.207.70.99,192.168.182.221,0.143766
20.207.70.99,192.168.182.221,0.000780
20.207.70.99,192.168.182.221,0.001447
20.207.70.99,192.168.182.221,0.000569
20.207.70.99,192.168.182.221,0.00172
20.207.70.99,192.168.182.221,0.043364
20.207.70.99,192.168.182.221,0.072134
20.207.70.99,192.168.182.221,0.014984
20.207.70.99,192.168.182.221,0.000693
20.207.70.99,192.168.182.221,0.014070
20.207.70.99,192.168.182.221,0.001036
20.207.70.99,192.168.182.221,0.001385
20.207.70.99,192.168.182.221,0.077665
20.207.70.99,192.168.182.221,0.004416
20.207.70.99,192.168.182.221,0.006557
20.207.70.99,192.168.182.221,0.000660
20.207.70.99,192.168.182.221,0.000427
20.207.70.99,192.168.182.221,0.000590
20.207.70.99,192.168.182.221,0.010039
20.207.70.99,192.168.182.221,0.000677
20.207.70.99,192.168.182.221,0.103241
20.207.70.99,192.168.182.221,0.005223
20.207.70.99,192.168.182.221,0.005170
20.207.70.99,192.168.182.221,0.000665
20.207.70.99,192.168.182.221,0.014739
20.207.70.99,192.168.182.221,0.001056
20.207.70.99,192.168.182.221,0.125153
20.207.70.99,192.168.182.221,0.001035
20.207.70.99,192.168.182.221,0.930552
20.207.70.99,192.168.182.221,0.054772
20.207.70.99,192.168.182.221,0.690005
20.207.70.99,192.168.182.221,0.013119
20.207.70.99,192.168.182.221,0.000373
20.207.70.99,192.168.182.221,0.102071
20.207.70.99,192.168.182.221,0.172033
20.207.70.99,192.168.182.221,0.212129
20.207.70.99,192.168.182.221,0.005053
20.207.70.99,192.168.182.221,0.010630
20.207.70.99,192.168.182.221,0.169564
20.207.70.99,192.168.182.221,1.690169
20.207.70.99,192.168.182.221,0.005275
20.207.70.99,192.168.182.221,0.004080
20.207.70.99,192.168.182.221,0.000730
20.207.70.99,192.168.182.221,0.240069
20.207.70.99,192.168.182.221,0.275537
20.207.70.99,192.168.182.221,1.41967
20.207.70.99,192.168.182.221,0.970095
20.207.70.99,192.168.182.221,2.102364
20.207.70.99,192.168.182.221,0.006156
20.207.70.99,192.168.182.221,0.219419
20.207.70.99,192.168.182.221,0.263751
20.207.70.99,192.168.182.221,0.099696
20.207.70.99,192.168.182.221,0.163920
20.207.70.99,192.168.182.221,1.379889
20.207.70.99,192.168.182.221,0.162845
20.207.70.99,192.168.182.221,2.601532
20.207.70.99,192.168.182.221,0.169654
20.207.70.99,192.168.182.221,0.158318
20.207.70.99,192.168.182.221,1.691811
20.207.70.99,192.168.182.221,3.143966
20.207.70.99,192.168.182.221,0.108967
20.207.70.99,192.168.182.221,0.063408
20.207.70.99,192.168.182.221,0.003700
20.207.70.99,192.168.182.221,1.671368
20.207.70.99,192.168.182.221,3.054079
20.207.70.99,192.168.182.221,0.032922
20.207.70.99,192.168.182.221,0.231905
20.207.70.99,192.168.182.221,0.000417
20.207.70.99,192.168.182.221,2.083591
20.207.70.99,192.168.182.221,0.039029
20.207.70.99,192.168.182.221,0.828546
20.207.70.99,192.168.182.221,0.273572
20.207.70.99,192.168.182.221,1.535706
20.207.70.99,192.168.182.221,0.000875
20.207.70.99,192.168.182.221,0.029737
20.207.70.99,192.168.182.221,0.213925
20.207.70.99,192.168.182.221,1.753517
20.207.70.99,192.168.182.221,2.918821
20.207.70.99,192.168.182.221,0.083700
20.207.70.99,192.168.182.221,0.245249
20.207.70.99,192.168.182.221,1.696866
20.207.70.99,192.168.182.221,3.018027
20.207.70.99,192.168.182.221,0.086541
20.207.70.99,192.168.182.221,0.327015
20.207.70.99,192.168.182.221,1.580694
20.207.70.99,192.168.182.221,0.774249
20.207.70.99,192.168.182.221,0.130067
20.207.70.99,192.168.182.221,2.087131
20.207.70.99,192.168.182.221,0.056061
20.207.70.99,192.168.182.221,0.259862
20.207.70.99,192.168.182.221,0.192116
20.207.70.99,192.168.182.221,0.375657
20.207.70.99,192.168.182.221,1.524839
20.207.70.99,192.168.182.221,0.372240
20.207.70.99,192.168.182.221,2.388426
20.207.70.99,192.168.182.221,0.040524
20.207.70.99,192.168.182.221,0.847329
20.207.70.99,192.168.182.221,0.523534
20.207.70.99,192.168.182.221,0.997210
20.207.70.99,192.168.182.221,0.565844
20.207.70.99,192.168.182.221,2.101457
20.207.70.99,192.168.182.221,0.066410
20.207.70.99,192.168.182.221,0.065608
20.207.70.99,192.168.182.221,1.602012
20.207.70.99,192.168.182.221,1.267017
20.207.70.99,192.168.182.221,0.120330
20.207.70.99,192.168.182.221,1.599633
20.207.70.99,192.168.182.221,0.128932
20.207.70.99,192.168.182.221,0.231438
20.207.70.99,192.168.182.221,1.640250
20.207.70.99,192.168.182.221,3.142256
20.207.70.99,192.168.182.221,0.217217
20.207.70.99,192.168.182.221,4.761336
20.207.70.99,192.168.182.221,0.238720
20.207.70.99,192.168.182.221,4.761707
20.207.70.99,192.168.182.221,0.239346
20.207.70.99,192.168.182.221,0.680653
20.207.70.99,192.168.182.221,0.001197
20.207.70.99,192.168.182.221,0.091760
20.207.70.99,192.168.182.221,3.993952
20.207.70.99,192.168.182.221,0.271704
20.207.70.99,192.168.182.221,4.736528
20.207.70.99,192.168.182.221,0.224787
20.207.70.99,192.168.182.221,0.643875
20.207.70.99,192.168.182.221,2.315006
20.207.70.99,192.168.182.221,1.807694
20.207.70.99,192.168.182.221,0.272636
20.207.70.99,192.168.182.221,4.225744
20.207.73.85,192.168.182.221,0.154999
20.207.73.85,192.168.182.221,0.001127
20.207.73.85,192.168.182.221,0.000529
20.207.73.85,192.168.182.221,0.000471
20.207.73.85,192.168.182.221,0.084055
20.207.73.85,192.168.182.221,0.000579
20.207.73.85,192.168.182.221,0.033494
20.207.73.85,192.168.182.221,0.040915
20.207.73.85,192.168.182.221,0.054225
20.207.73.85,192.168.182.221,0.14655
20.207.73.85,192.168.182.221,0.158079
20.207.73.85,192.168.182.221,0.977735
20.207.73.85,192.168.182.221,0.008701
20.207.73.85,192.168.182.221,0.000682
20.207.73.85,192.168.182.221,0.004451
20.207.73.85,192.168.182.221,30.049268
20.207.73.85,192.168.182.221,0.000525
20.207.73.85,192.168.182.221,0.094263
20.212.88.117,192.168.182.221,45.130466
20.43.185.14,192.168.182.221,0.118675
20.43.185.14,192.168.182.221,0.722533
20.43.185.14,192.168.182.221,0.018405
20.43.185.14,192.168.182.221,0.029793
20.43.185.14,192.168.182.221,0.039321
20.43.185.14,192.168.182.221,7.751218
20.43.185.14,192.168.182.221,0.014367
20.43.185.14,192.168.182.221,0.015879
20.43.185.14,192.168.182.221,0.005503
20.43.185.14,192.168.182.221,0.009674
20.43.185.14,192.168.182.221,0.020236
20.43.185.14,192.168.182.221,0.024098
20.43.185.14,192.168.182.221,0.028563
20.43.185.14,192.168.182.221,0.010630
20.43.185.14,192.168.182.221,0.039907
20.43.185.14,192.168.182.221,0.050189
20.43.185.14,192.168.182.221,0.004590
20.43.185.14,192.168.182.221,0.033593
20.43.185.14,192.168.182.221,0.012532
20.43.185.14,192.168.182.221,0.023520
20.43.185.14,192.168.182.221,0.010669
20.43.185.14,192.168.182.221,0.221489
20.43.185.14,192.168.182.221,0.000742
20.43.185.14,192.168.182.221,0.585451
20.43.185.14,192.168.182.221,0.898407
20.43.185.14,192.168.182.221,0.343635
20.43.185.14,192.168.182.221,18.355560
20.43.185.14,192.168.182.221,9.832934
20.43.185.14,192.168.182.221,0.163180
20.43.185.14,192.168.182.221,0.609902
20.43.185.14,192.168.182.221,0.058879
20.43.185.14,192.168.182.221,4.307947
20.43.185.14,192.168.182.221,0.110404
20.43.185.14,192.168.182.221,10.224372
20.43.185.14,192.168.182.221,0.758908
20.43.185.14,192.168.182.221,0.001686
20.43.185.14,192.168.182.221,5.433109
20.43.185.14,192.168.182.221,0.117644
20.43.185.14,192.168.182.221,7.720169
20.43.185.14,192.168.182.221,0.039459
20.43.185.14,192.168.182.221,0.039847
20.43.185.14,192.168.182.221,0.046458
20.43.185.14,192.168.182.221,0.114784
20.43.185.14,192.168.182.221,0.039082
20.43.185.14,192.168.182.221,0.105133
20.43.185.14,192.168.182.221,0.009520
20.43.185.14,192.168.182.221,0.005368
20.43.185.14,192.168.182.221,0.084594
20.43.185.14,192.168.182.221,0.973127
20.43.185.14,192.168.182.221,0.000678
20.50.73.11,192.168.182.221,0.309591
20.50.73.11,192.168.182.221,0.001316
20.50.73.11,192.168.182.221,0.000541
20.50.73.11,192.168.182.221,0.000862
20.50.73.11,192.168.182.221,0.001595
20.50.73.11,192.168.182.221,0.581967
20.50.73.11,192.168.182.221,0.408520
20.50.73.11,192.168.182.221,0.005895
20.50.73.11,192.168.182.221,0.253606
20.50.73.11,192.168.182.221,0.005693
20.50.73.11,192.168.182.221,0.094609
20.50.73.11,192.168.182.221,0.080590
20.50.73.11,192.168.182.221,60.813788
204.79.197.222,192.168.182.221,0.000525
204.79.197.222,192.168.182.221,0.000477
216.239.32.116,192.168.182.221,0.199197
216.239.32.116,192.168.182.221,0.017636
216.239.32.116,192.168.182.221,0.042206
216.239.32.116,192.168.182.221,0.002653
216.239.32.116,192.168.182.221,0.019292
216.239.32.116,192.168.182.221,0.000995
216.239.32.116,192.168.182.221,0.070284
216.239.32.116,192.168.182.221,0.005295
216.239.32.116,192.168.182.221,0.012997
216.239.32.116,192.168.182.221,0.051121
216.239.32.116,192.168.182.221,0.032642
216.239.32.116,192.168.182.221,0.003119
216.239.32.116,192.168.182.221,0.000796
216.239.32.116,192.168.182.221,0.050766
216.239.32.116,192.168.182.221,45.061758
23.218.244.122,192.168.182.221,0.000737
34.120.195.249,192.168.182.221,0.794099
34.120.195.249,192.168.182.221,0.050424
34.120.195.249,192.168.182.221,0.038264
34.120.195.249,192.168.182.221,0.006405
34.120.195.249,192.168.182.221,0.039070
34.120.195.249,192.168.182.221,0.017788
34.120.195.249,192.168.182.221,0.001570
34.120.195.249,192.168.182.221,0.445316
34.120.195.249,192.168.182.221,0.046988
34.120.195.249,192.168.182.221,0.008832
34.120.195.249,192.168.182.221,0.013924
34.120.195.249,192.168.182.221,0.002782
34.120.195.249,192.168.182.221,0.026278
34.120.195.249,192.168.182.221,0.001759
34.120.195.249,192.168.182.221,0.001219
34.120.195.249,192.168.182.221,0.224810
34.120.195.249,192.168.182.221,0.001660
34.120.195.249,192.168.182.221,0.438437
34.120.195.249,192.168.182.221,0.039351
34.120.195.249,192.168.182.221,0.329576
34.120.195.249,192.168.182.221,0.586863
34.120.195.249,192.168.182.221,0.014807
34.120.195.249,192.168.182.221,0.016978
34.120.195.249,192.168.182.221,0.005038
34.120.195.249,192.168.182.221,0.122918
34.120.195.249,192.168.182.221,0.008120
34.120.195.249,192.168.182.221,0.081646
34.120.195.249,192.168.182.221,0.001206
34.120.195.249,192.168.182.221,0.092500
34.120.195.249,192.168.182.221,0.584862
34.120.195.249,192.168.182.221,0.077289
34.120.195.249,192.168.182.221,0.002342
34.120.195.249,192.168.182.221,0.006777
34.120.195.249,192.168.182.221,1.631097
34.120.195.249,192.168.182.221,41.487055
34.120.195.249,192.168.182.221,1.171764
35.241.11.240,192.168.182.221,45.059533
52.221.88.164,192.168.182.221,0.182543
52.221.88.164,192.168.182.221,0.001757
52.221.88.164,192.168.182.221,0.007549
52.221.88.164,192.168.182.221,0.001299
52.221.88.164,192.168.182.221,0.000579
52.221.88.164,192.168.182.221,0.006332
52.221.88.164,192.168.182.221,0.002912
52.221.88.164,192.168.182.221,0.000474
52.221.88.164,192.168.182.221,0.154866
52.221.88.164,192.168.182.221,0.013009
52.221.88.164,192.168.182.221,0.004677
52.221.88.164,192.168.182.221,0.196060
52.221.88.164,192.168.182.221,0.001869
52.221.88.164,192.168.182.221,0.001554
52.221.88.164,192.168.182.221,0.016754
52.221.88.164,192.168.182.221,0.002025
52.221.88.164,192.168.182.221,0.001100
52.221.88.164,192.168.182.221,0.001559
52.221.88.164,192.168.182.221,0.134949
52.221.88.164,192.168.182.221,0.022277
52.221.88.164,192.168.182.221,0.000634
52.221.88.164,192.168.182.221,0.006738
52.221.88.164,192.168.182.221,0.001633
52.221.88.164,192.168.182.221,0.000640
52.221.88.164,192.168.182.221,0.002778
52.221.88.164,192.168.182.221,0.001434
52.221.88.164,192.168.182.221,0.002209
52.221.88.164,192.168.182.221,0.002937
52.221.88.164,192.168.182.221,0.000175
52.221.88.164,192.168.182.221,0.003666
52.221.88.164,192.168.182.221,0.020209
52.221.88.164,192.168.182.221,0.000486
52.221.88.164,192.168.182.221,0.000965
52.221.88.164,192.168.182.221,0.019123
52.221.88.164,192.168.182.221,0.000997
52.221.88.164,192.168.182.221,0.254676
52.221.88.164,192.168.182.221,0.200295
52.221.88.164,192.168.182.221,28.918184
52.221.88.164,192.168.182.221,0.959797
52.221.88.164,192.168.182.221,0.021363
52.221.88.164,192.168.182.221,0.112883
52.86.229.235,192.168.182.221,0.868307
52.86.229.235,192.168.182.221,0.000445
52.86.229.235,192.168.182.221,0.014108
52.86.229.235,192.168.182.221,0.004883
52.86.229.235,192.168.182.221,0.009166
52.86.229.235,192.168.182.221,0.003121
52.86.229.235,192.168.182.221,0.069965
52.86.229.235,192.168.182.221,0.882866
52.86.229.235,192.168.182.221,0.055047
52.86.229.235,192.168.182.221,0.013622
52.86.229.235,192.168.182.221,0.002531
52.86.229.235,192.168.182.221,0.412396
52.86.229.235,192.168.182.221,0.152691
52.86.229.235,192.168.182.221,0.333945
52.86.229.235,192.168.182.221,5.125556
52.86.229.235,192.168.182.221,4.982372
52.86.229.235,192.168.182.221,3.872073
75.101.173.96,192.168.182.221,1.002050
91.108.56.135,192.168.182.221,44.890895
